time_ms,2nd order (accel-bounded)_case1,3rd order (jerk-bounded)_case1,4th order (snap-bounded)_case1,4th order, tight snap (20000)_case1,2nd order (accel-bounded)_case3b,3rd order (jerk-bounded)_case3b,4th order (snap-bounded)_case3b,4th order, tight snap (20000)_case3b
0.000,-195377.576,-195463.563,-195533.257,-195550.419,-68.853,-64.898,-61.648,-58.181
0.100,-195178.667,-195463.675,-195533.410,-195549.920,246.361,50.977,53.743,57.275
0.200,-194500.336,-195381.165,-195454.131,-195470.001,1039.891,248.354,247.440,251.031
0.300,-193342.777,-195212.914,-195295.469,-195310.737,2306.622,528.655,517.717,521.338
0.400,-191706.565,-194955.894,-195057.546,-195072.287,4034.601,892.042,861.681,865.261
0.500,-189592.846,-194607.198,-194740.575,-194754.922,6204.830,1337.526,1275.417,1278.834
0.600,-187003.466,-194164.054,-194344.878,-194359.036,8792.214,1863.117,1754.183,1757.243
0.700,-183941.055,-193623.840,-193870.893,-193885.154,11766.670,2465.932,2292.545,2294.976
0.800,-180409.061,-192984.090,-193319.174,-193333.934,15093.930,3142.261,2884.471,2885.904
0.900,-176411.779,-192242.506,-192690.399,-192706.173,18736.076,3887.607,3523.398,3523.359
1.000,-171954.348,-191396.959,-191985.364,-192002.802,22651.957,4696.740,4202.300,4200.198
1.100,-167042.753,-190445.493,-191204.983,-191224.887,26797.623,5563.754,4913.765,4908.884
1.200,-161683.805,-189386.327,-190350.286,-190373.620,31126.817,6482.137,5650.082,5641.575
1.300,-155885.110,-188217.853,-189422.408,-189450.318,35591.499,7444.848,6403.327,6390.205
1.400,-149655.042,-186938.638,-188422.588,-188456.416,40142.376,8444.393,7165.444,7146.577
1.500,-143002.691,-185547.416,-187352.158,-187393.454,44729.426,9472.902,7928.332,7902.440
1.600,-135937.822,-184043.091,-186212.538,-186263.076,49302.408,10522.209,8683.919,8649.577
1.700,-128470.820,-182424.726,-185005.224,-185067.017,53811.347,11583.930,9424.245,9379.879
1.800,-120612.642,-180691.542,-183731.784,-183807.094,58207.012,12649.544,10141.531,10085.420
1.900,-112374.758,-178842.913,-182393.846,-182485.199,62441.375,13710.470,10828.253,10758.533
2.000,-103769.099,-176878.358,-180993.091,-181103.291,66468.047,14758.147,11477.205,11391.877
2.100,-94808.004,-174797.538,-179531.243,-179663.383,70242.692,15784.109,12081.568,11978.498
2.200,-85504.165,-172600.246,-178010.065,-178167.539,73723.418,16780.060,12634.962,12511.896
2.300,-75870.575,-170286.405,-176431.346,-176617.860,76871.127,17737.949,13131.504,12986.071
2.400,-65920.479,-167856.060,-174796.898,-175016.482,79649.847,18650.032,13565.852,13395.577
2.500,-55667.324,-165309.373,-173108.545,-173365.564,82027.022,19508.940,13933.246,13735.564
2.600,-45124.714,-162646.613,-171368.119,-171667.281,83973.768,20307.743,14229.549,14001.814
2.700,-34306.367,-159868.157,-169577.453,-169923.822,85465.092,21039.996,14451.273,14190.775
2.800,-23226.071,-156974.478,-167738.375,-168137.376,86480.074,21699.799,14595.601,14299.578
2.900,-11897.649,-153966.142,-165852.703,-166310.135,87002.007,22281.836,14660.410,14326.064
3.000,-334.919,-150843.802,-163922.237,-164444.279,87018.503,22781.418,14644.277,14268.790
3.100,11448.337,-147608.194,-161948.759,-162541.979,86521.557,23194.512,14546.483,14127.034
3.200,23438.405,-144260.129,-159934.026,-160605.388,85507.566,23517.774,14367.017,13900.797
3.300,35621.667,-140800.491,-157879.768,-158636.638,83977.319,23748.563,14106.561,13590.791
3.400,47984.629,-137230.232,-155787.680,-156637.835,81935.939,23884.963,13766.481,13198.428
3.500,60513.943,-133550.365,-153659.427,-154611.057,79392.798,23925.783,13348.808,12725.804
3.600,73196.430,-129761.962,-151496.631,-152558.350,76361.414,23870.568,12856.216,12175.679
3.700,86019.097,-125866.150,-149300.879,-150481.726,72859.352,23719.585,12292.010,11551.461
3.800,98969.158,-121864.104,-147073.714,-148383.158,68908.113,23473.820,11660.099,10857.183
3.900,112034.050,-117757.049,-144816.636,-146264.582,64532.970,23134.962,10964.966,10097.464
4.000,125201.440,-113546.249,-142531.097,-144127.891,59762.765,22705.396,10211.631,9277.478
4.100,138459.246,-109233.012,-140218.506,-141974.934,54629.664,22188.190,9405.607,8402.906
4.200,151795.641,-104818.679,-137880.224,-139807.519,49168.884,21587.073,8552.851,7479.885
4.300,165199.068,-100304.626,-135517.561,-137627.406,43418.391,20906.415,7659.719,6514.961
4.400,178658.240,-95692.258,-133131.781,-135436.307,37418.576,20151.186,6732.902,5515.030
4.500,192162.152,-90983.011,-130724.097,-133235.889,31211.910,19326.919,5779.377,4487.280
4.600,205700.088,-86178.342,-128295.673,-131027.770,24842.581,18439.665,4806.343,3439.127
4.700,219261.617,-81279.733,-125847.623,-128813.520,18356.121,17495.941,3821.162,2378.157
4.800,232836.605,-76288.686,-123381.011,-126594.658,11799.020,16502.678,2831.294,1312.058
4.900,246415.213,-71206.722,-120896.852,-124372.657,5218.325,15467.161,1844.235,248.555
5.000,259987.897,-66035.375,-118396.111,-122148.938,-1338.746,14396.973,867.454,-804.651
5.100,273545.414,-60776.197,-115879.705,-119924.876,-7825.210,13299.928,-91.672,-1839.958
5.200,287078.815,-55430.749,-113348.502,-117701.794,-14194.729,12184.008,-1025.916,-2849.924
5.300,300579.452,-50000.602,-110803.322,-115480.968,-20402.031,11057.296,-1928.267,-3827.341
5.400,314038.970,-44487.339,-108244.938,-113263.625,-26403.307,9927.912,-2791.993,-4765.294
5.500,327449.311,-38892.545,-105674.076,-111050.944,-32156.619,8803.943,-3610.699,-5657.230
5.600,340802.708,-33217.815,-103091.417,-108844.059,-37622.271,7693.380,-4378.386,-6497.010
5.700,354091.684,-27464.743,-100497.595,-106644.053,-42763.163,6604.049,-5089.502,-7278.965
5.800,367309.051,-21634.930,-97893.202,-104451.964,-47545.101,5543.553,-5738.993,-7997.940
5.900,380447.903,-15729.974,-95278.785,-102268.786,-51937.070,4519.205,-6322.345,-8649.334
6.000,393501.616,-9751.475,-92654.849,-100095.466,-55911.471,3537.976,-6835.612,-9229.132
6.100,406463.842,-3701.031,-90021.857,-97932.906,-59444.316,2606.433,-7275.456,-9733.935
6.200,419328.508,2419.763,-87380.232,-95781.967,-62515.398,1730.692,-7639.159,-10160.978
6.300,432089.809,8609.317,-84730.355,-93643.463,-65108.415,916.370,-7924.644,-10508.152
6.400,444742.207,14866.043,-82072.572,-91518.169,-67211.060,168.538,-8130.488,-10774.007
6.500,457280.422,21188.363,-79407.188,-89406.817,-68815.073,-508.322,-8255.920,-10957.759
6.600,469699.434,27574.704,-76734.470,-87310.099,-69916.259,-1110.353,-8300.827,-11059.287
6.700,481994.472,34023.500,-74054.653,-85228.665,-70514.471,-1634.349,-8265.739,-11079.125
6.800,494161.014,40533.195,-71367.934,-83163.129,-70613.548,-2077.783,-8151.824,-11018.449
6.900,506194.782,47102.244,-68674.477,-81114.064,-70221.237,-2438.817,-7960.864,-10879.057
7.000,518091.735,53729.111,-65974.411,-79082.006,-69349.063,-2716.316,-7695.234,-10663.346
7.100,529848.064,60412.272,-63267.836,-77067.455,-68012.187,-2909.846,-7357.875,-10374.283
7.200,541460.191,67150.215,-60554.818,-75070.874,-66229.220,-3019.676,-6952.260,-10015.372
7.300,552924.762,73941.441,-57835.394,-73092.693,-64022.019,-3046.763,-6482.360,-9590.617
7.400,564238.642,80784.466,-55109.571,-71133.305,-61415.460,-2992.742,-5952.602,-9104.479
7.500,575398.910,87677.818,-52377.328,-69193.071,-58437.195,-2859.901,-5367.837,-8561.841
7.600,586402.855,94620.041,-49638.616,-67272.319,-55117.419,-2651.156,-4733.300,-7967.963
7.700,597247.970,101609.695,-46893.360,-65371.345,-51488.638,-2370.022,-4054.566,-7328.450
7.800,607931.952,108645.356,-44141.459,-63490.413,-47585.430,-2020.572,-3337.509,-6649.203
7.900,618452.689,115725.616,-41382.785,-61629.760,-43444.173,-1607.399,-2588.254,-5936.376
8.000,628808.263,122849.086,-38617.190,-59789.589,-39102.758,-1135.568,-1813.124,-5196.326
8.100,638996.941,130014.392,-35844.499,-57970.077,-34600.273,-610.571,-1018.588,-4435.558
8.200,649017.172,137220.181,-33064.516,-56171.372,-29976.684,-38.272,-211.213,-3660.676
8.300,658867.582,144465.117,-30277.024,-54393.597,-25272.507,575.139,602.399,-2878.327
8.400,668546.969,151747.884,-27481.785,-52636.845,-20528.476,1223.204,1415.656,-2095.149
8.500,678054.299,159067.184,-24678.541,-50901.186,-15785.214,1899.248,2222.037,-1317.712
8.600,687388.701,166421.740,-21867.013,-49186.663,-11082.901,2596.443,3015.150,-552.472
8.700,696549.465,173810.296,-19046.907,-47493.297,-6460.951,3307.860,3788.786,194.285
8.800,705536.032,181231.615,-16217.908,-45821.085,-1957.694,4026.534,4536.976,916.493
8.900,714347.996,188684.482,-13379.687,-44169.999,2389.931,4745.520,5254.046,1608.353
9.000,722985.095,196167.701,-10531.896,-42539.993,6546.667,5457.959,5934.658,2264.381
9.100,731447.210,203680.101,-7674.174,-40930.996,10479.222,6157.133,6573.858,2879.458
9.200,739734.356,211220.528,-4806.143,-39342.918,14156.550,6836.527,7167.113,3448.875
9.300,747846.684,218787.854,-1927.414,-37775.649,17550.136,7489.879,7710.340,3968.372
9.400,755784.472,226380.972,962.419,-36229.060,20634.240,8111.232,8199.939,4434.172
9.500,763548.123,233998.794,3863.772,-34703.003,23386.109,8694.980,8632.816,4843.010
9.600,771138.160,241640.259,6777.074,-33197.312,25786.149,9235.911,9006.400,5192.155
9.700,778555.223,249304.325,9702.766,-31711.804,27818.055,9729.246,9318.658,5479.426
9.800,785800.063,256989.974,12641.300,-30246.280,29468.917,10170.673,9568.105,5703.203
9.900,792873.540,264696.211,15593.135,-28800.524,30729.286,10556.376,9753.806,5862.435
10.000,799776.619,272422.063,18558.744,-27374.306,31593.206,10883.062,9875.377,5956.640
10.100,806510.365,280166.579,21538.607,-25967.380,32058.225,11147.981,9932.979,5985.901
10.200,813075.938,287928.833,24533.211,-24579.487,32125.360,11348.938,9927.305,5950.858
10.300,819474.594,295707.919,27543.053,-23210.354,31799.043,11484.306,9859.572,5852.694
10.400,825707.675,303502.957,30568.636,-21859.695,31087.034,11553.033,9731.494,5693.114
10.500,831776.610,311313.088,33610.470,-20527.212,30000.300,11554.637,9545.267,5474.326
10.600,837682.910,319137.475,36669.071,-19212.596,28552.880,11489.204,9303.535,5199.014
10.700,843428.162,326975.305,39744.961,-17915.526,26761.714,11357.380,9009.366,4870.306
10.800,849014.030,334825.788,42838.668,-16635.670,24646.455,11160.354,8666.217,4491.742
10.900,854442.248,342688.156,45950.722,-15372.688,22229.261,10899.843,8277.899,4067.237
11.000,859714.617,350561.662,49081.659,-14126.230,19534.580,10578.065,7848.553,3601.051
11.100,864833.004,358445.584,52232.019,-12895.935,16588.934,10197.720,7382.611,3097.751
11.200,869799.334,366339.220,55402.344,-11681.436,13420.705,9761.960,6884.767,2562.174
11.300,874615.592,374241.892,58593.180,-10482.357,10059.895,9274.371,6359.936,1999.388
11.400,879283.818,382152.943,61805.074,-9298.316,6537.880,8738.939,5813.212,1414.646
11.500,883806.099,390071.738,65038.575,-8128.923,2887.137,8160.024,5249.829,813.344
11.600,888184.575,397997.662,68294.235,-6973.782,-859.031,7542.316,4675.108,200.974
11.700,892421.427,405930.125,71572.604,-5832.491,-4666.778,6890.804,4094.423,-416.923
11.800,896518.880,413868.555,74874.236,-4704.642,-8502.000,6210.724,3513.148,-1034.804
11.900,900479.198,421812.402,78199.683,-3589.824,-12330.637,5507.522,2936.619,-1647.169
12.000,904304.679,429761.137,81549.497,-2487.621,-16118.988,4786.801,2370.082,-2248.614
12.100,907997.658,437714.253,84924.232,-1397.611,-19834.022,4054.279,1818.659,-2833.878
12.200,911560.495,445671.260,88324.437,-319.370,-23443.688,3315.736,1287.297,-3397.893
12.300,914995.583,453631.690,91750.662,747.527,-26917.185,2576.971,780.735,-3935.826
12.400,918305.336,461595.096,95203.456,1803.513,-30225.224,1843.747,303.461,-4443.122
12.500,921492.193,469561.049,98683.366,2849.018,-33340.268,1121.745,-140.323,-4915.539
12.600,924558.612,477528.606,102190.936,3884.477,-36236.744,415.977,-546.739,-5349.184
12.700,927507.066,485494.710,105726.706,4910.326,-38891.243,-270.860,-912.264,-5740.541
12.800,930340.046,493455.791,109291.217,5927.002,-41282.691,-936.809,-1233.758,-6086.496
12.900,933060.055,501408.296,112885.004,6934.942,-43392.500,-1580.114,-1508.488,-6384.358
13.000,935669.604,509348.700,116508.600,7934.584,-45204.692,-2199.220,-1734.150,-6631.881
13.100,938171.213,517273.501,120162.533,8926.368,-46706.003,-2792.764,-1908.883,-6827.271
13.200,940567.409,525179.230,123847.329,9910.729,-47885.953,-3359.579,-2031.279,-6969.198
13.300,942860.720,533062.457,127563.508,10888.107,-48736.894,-3898.690,-2100.395,-7056.802
13.400,945053.678,540919.789,131311.588,11858.938,-49254.042,-4409.322,-2115.755,-7089.692
13.500,947148.811,548747.884,135092.080,12823.656,-49435.469,-4890.888,-2077.351,-7067.941
13.600,949148.648,556543.451,138905.492,13782.696,-49282.077,-5342.998,-1985.635,-6992.083
13.700,951055.711,564303.256,142752.325,14736.491,-48797.553,-5765.452,-1841.515,-6863.099
13.800,952872.517,572024.130,146633.077,15685.469,-47988.292,-6158.238,-1646.337,-6682.399
13.900,954601.574,579702.971,150548.240,16630.059,-46863.307,-6521.527,-1401.872,-6451.811
14.000,956245.380,587336.747,154498.301,17570.686,-45434.106,-6855.666,-1110.292,-6173.553
14.100,957806.423,594922.506,158483.739,18507.772,-43714.566,-7161.171,-774.152,-5850.212
14.200,959287.174,602457.376,162505.029,19441.736,-41720.781,-7438.714,-396.362,-5484.716
14.300,960690.094,609938.568,166562.631,20372.995,-39470.921,-7689.116,19.832,-5080.313
14.400,962017.625,617363.383,170656.963,21301.961,-36985.084,-7913.336,470.851,-4640.545
14.500,963272.190,624729.212,174788.399,22229.043,-34285.146,-8112.453,952.810,-4169.219
14.600,964456.197,632033.538,178957.266,23154.645,-31394.579,-8287.659,1461.555,-3670.376
14.700,965572.029,639273.943,183163.844,24079.167,-28338.265,-8440.241,1992.697,-3148.258
14.800,966622.050,646448.103,187408.368,25003.008,-25142.281,-8571.569,2541.655,-2607.268
14.900,967608.600,653553.796,191691.025,25926.558,-21833.674,-8683.082,3103.694,-2051.938
15.000,968533.996,660588.899,196011.957,26850.204,-18440.241,-8776.269,3673.968,-1486.888
15.100,969400.528,667551.391,200371.259,27774.329,-14990.288,-8852.660,4247.570,-916.787
15.200,970210.460,674439.351,204768.982,28699.311,-11512.397,-8913.806,4819.571,-346.315
15.300,970966.029,681250.963,209205.131,29625.521,-8035.183,-8961.270,5385.068,219.878
15.400,971669.445,687984.512,213679.667,30553.327,-4587.061,-8996.608,5939.224,777.208
15.500,972322.886,694638.385,218192.504,31483.091,-1196.006,-9021.365,6477.312,1321.197
15.600,972928.502,701211.070,222743.516,32415.168,2110.677,-9037.060,6994.751,1847.510
15.700,973488.410,707701.158,227332.533,33349.910,5306.574,-9045.178,7487.148,2352.001
15.800,974004.699,714107.338,231959.341,34287.661,8366.383,-9047.162,7950.330,2830.749
15.900,974479.420,720428.400,236623.688,35228.760,11266.133,-9044.398,8380.379,3280.089
16.000,974914.597,726663.229,241325.278,36173.542,13983.411,-9038.206,8773.662,3696.646
16.100,975312.215,732810.811,246063.778,37122.332,16497.566,-9029.836,9126.857,4077.364
16.200,975674.229,738870.223,250838.816,38075.453,18789.879,-9020.454,9436.981,4419.520
16.300,976002.555,744840.637,255649.981,39033.219,20843.721,-9011.137,9701.407,4720.753
16.400,976299.077,750721.318,260496.828,39995.939,22644.670,-9002.873,9917.885,4979.076
16.500,976565.642,756511.620,265378.874,40963.917,24180.614,-8996.550,10084.555,5192.885
16.600,976804.060,762210.983,270295.603,41937.449,25441.830,-8992.955,10199.956,5360.975
16.700,977016.105,767818.937,275246.466,42916.825,26421.038,-8992.770,10263.039,5482.539
16.800,977203.516,773335.093,280230.882,43902.328,27113.434,-8996.572,10273.164,5557.170
16.900,977367.991,778759.144,285248.238,44894.237,27516.696,-9004.824,10230.104,5584.863
17.000,977511.194,784090.866,290297.892,45892.823,27630.974,-9017.883,10134.042,5566.003
17.100,977634.750,789330.109,295379.173,46898.349,27458.856,-9035.994,9985.561,5501.363
17.200,977740.245,794476.800,300491.385,47911.076,27005.306,-9059.295,9785.638,5392.085
17.300,977829.230,799530.940,305633.803,48931.253,26277.596,-9087.814,9535.628,5239.670
17.400,977903.215,804492.598,310805.678,49959.128,25285.206,-9121.477,9237.254,5045.956
17.500,977963.672,809361.916,316006.238,50994.938,24039.713,-9160.109,8892.595,4813.101
17.600,978012.038,814139.100,321234.688,52038.917,22554.662,-9203.437,8504.073,4543.558
17.700,978049.709,818824.420,326490.213,53091.291,20845.423,-9251.097,8074.435,4240.048
17.800,978078.044,823418.208,331771.975,54152.279,18929.043,-9302.637,7606.735,3905.542
17.900,978098.362,827920.859,337079.119,55222.096,16824.101,-9357.527,7104.302,3543.232
18.000,978111.946,832332.821,342410.772,56300.949,14550.553,-9415.159,6570.718,3156.512
18.100,978120.042,836654.601,347766.044,57389.037,12129.576,-9474.864,6009.786,2748.945
18.200,978123.855,840886.756,353144.030,58486.557,9583.390,-9535.913,5425.497,2324.237
18.300,978124.555,845029.898,358543.810,59593.697,6935.071,-9597.530,4822.001,1886.205
18.400,978123.274,849084.684,363964.450,60710.638,4208.359,-9658.898,4203.567,1438.747
18.500,978121.107,853051.821,369405.005,61837.558,1427.455,-9719.171,3574.554,985.804
18.600,978119.111,856932.059,374864.518,62974.626,-1383.179,-9777.481,2939.369,531.333
18.700,978118.308,860726.191,380342.022,64122.006,-4199.027,-9832.946,2302.436,79.271
18.800,978119.682,864435.051,385836.541,65279.857,-6995.721,-9884.686,1668.156,-366.497
18.900,978124.181,868059.512,391347.089,66448.331,-9749.262,-9931.823,1040.874,-802.167
19.000,978132.720,871600.484,396872.675,67627.575,-12436.242,-9973.496,424.838,-1224.056
19.100,978146.175,875058.910,402412.301,68817.729,-15034.065,-10008.871,-175.834,-1628.623
19.200,978165.390,878435.769,407964.962,70018.928,-17521.142,-10037.144,-757.193,-2012.512
19.300,978191.171,881732.068,413529.651,71231.302,-19877.075,-10057.557,-1315.492,-2372.575
19.400,978224.293,884948.846,419105.355,72454.975,-22082.819,-10069.402,-1847.213,-2705.901
19.500,978265.495,888087.169,424691.058,73690.064,-24120.832,-10072.026,-2349.099,-3009.839
19.600,978315.484,891148.127,430285.745,74936.684,-25975.208,-10064.840,-2818.176,-3282.019
19.700,978374.933,894132.836,435888.396,76194.942,-27631.791,-10047.323,-3251.775,-3520.372
19.800,978444.484,897042.435,441497.993,77464.941,-29078.276,-10019.030,-3647.554,-3723.138
19.900,978524.746,899878.082,447113.518,78746.778,-30304.286,-9979.592,-4003.509,-3888.882
20.000,978616.296,902640.956,452733.951,80040.545,-31301.436,-9928.726,-4317.999,-4016.504
20.100,978719.680,905332.253,458358.278,81346.329,-32063.375,-9866.231,-4589.745,-4105.236
20.200,978835.414,907953.184,463985.485,82664.215,-32585.811,-9791.994,-4817.849,-4154.654
20.300,978963.986,910504.978,469614.561,83994.278,-32866.519,-9705.996,-5001.788,-4164.669
20.400,979105.850,912988.874,475244.500,85336.593,-32905.326,-9608.305,-5141.418,-4135.525
20.500,979261.434,915406.125,480874.297,86691.227,-32704.084,-9499.081,-5236.970,-4067.797
20.600,979431.139,917757.993,486502.955,88058.246,-32266.625,-9378.576,-5289.039,-3962.375
20.700,979615.334,920045.751,492129.482,89437.708,-31598.697,-9247.127,-5298.578,-3820.453
20.800,979814.365,922270.679,497752.891,90829.669,-30707.887,-9105.155,-5266.883,-3643.519
20.900,980028.548,924434.063,503372.201,92234.179,-29603.528,-8953.166,-5195.573,-3433.333
21.000,980258.174,926537.196,508986.438,93651.287,-28296.594,-8791.740,-5086.577,-3191.908
21.100,980503.510,928581.374,514594.638,95081.034,-26799.585,-8621.532,-4942.110,-2921.497
21.200,980764.795,930567.896,520195.841,96523.460,-25126.412,-8443.265,-4764.646,-2624.567
21.300,981042.245,932498.064,525789.098,97978.601,-23292.293,-8257.721,-4556.900,-2303.787
21.400,981336.054,934373.180,531373.467,99446.487,-21313.634,-8065.741,-4321.795,-1961.999
21.500,981646.390,936194.547,536948.017,100927.146,-19207.900,-7868.212,-4062.437,-1602.197
21.600,981973.398,937963.465,542511.824,102420.604,-16993.465,-7666.062,-3782.094,-1227.506
21.700,982317.204,939681.234,548063.977,103926.880,-14689.460,-7460.255,-3484.167,-841.147
21.800,982677.910,941349.149,553603.571,105445.993,-12315.611,-7251.780,-3172.164,-446.416
21.900,983055.598,942968.502,559129.715,106977.956,-9892.074,-7041.643,-2849.671,-46.656
22.000,983450.329,944540.580,564641.528,108522.781,-7439.265,-6830.862,-2520.321,354.777
22.100,983862.145,946066.663,570138.140,110080.477,-4977.690,-6620.454,-2187.765,754.532
22.200,984291.068,947548.026,575618.691,111651.048,-2527.778,-6411.431,-1855.642,1149.303
22.300,984737.102,948985.936,581082.333,113234.497,-109.704,-6204.791,-1527.547,1535.850
22.400,985200.234,950381.652,586528.232,114830.823,2256.769,-6001.507,-1207.004,1911.036
22.500,985680.430,951736.423,591955.564,116440.024,4552.458,-5802.526,-897.437,2271.854
22.600,986177.645,953051.490,597363.518,118062.093,6758.922,-5608.752,-602.137,2615.451
22.700,986691.811,954328.082,602751.295,119697.024,8858.630,-5421.049,-324.242,2939.151
22.800,987222.850,955567.419,608118.108,121344.804,10835.123,-5240.227,-66.701,3240.481
22.900,987770.665,956770.707,613463.184,123005.423,12673.161,-5067.038,167.741,3517.186
23.000,988335.147,957939.141,618785.762,124678.864,14358.850,-4902.172,376.571,3767.246
23.100,988916.171,959073.905,624085.096,126365.111,15879.747,-4746.249,557.526,3988.890
23.200,989513.600,960176.167,629360.449,128064.145,17224.960,-4599.817,708.609,4180.612
23.300,990127.284,961247.081,634611.103,129775.944,18385.218,-4463.347,828.102,4341.175
23.400,990757.058,962287.790,639836.347,131500.487,19352.933,-4337.228,914.581,4469.620
23.500,991402.749,963299.420,645035.489,133237.748,20122.246,-4221.768,966.925,4565.270
23.600,992064.170,964283.081,650207.847,134987.701,20689.054,-4117.187,984.319,4627.731
23.700,992741.125,965239.868,655352.753,136750.319,21051.020,-4023.623,966.262,4656.895
23.800,993433.405,966170.862,660469.554,138525.571,21207.571,-3941.125,912.566,4652.929
23.900,994140.794,967077.125,665557.609,140313.429,21159.877,-3869.655,823.353,4616.278
24.000,994863.066,967959.703,670616.291,142113.858,20910.816,-3809.091,699.055,4547.651
24.100,995599.985,968819.626,675644.988,143926.827,20464.926,-3759.226,540.403,4448.014
24.200,996351.308,969657.907,680643.099,145752.299,19828.343,-3719.775,348.418,4318.575
24.300,997116.783,970475.539,685610.039,147590.241,19008.720,-3690.369,124.400,4160.775
24.400,997896.151,971273.498,690545.236,149440.615,18015.148,-3670.570,-130.087,3976.266
24.500,998689.147,972052.745,695448.129,151303.383,16858.050,-3659.865,-413.229,3766.900
24.600,999495.499,972814.219,700318.174,153178.507,15549.077,-3657.678,-722.980,3534.709
24.700,1000314.929,973558.842,705154.839,155065.948,14101.001,-3663.371,-1057.081,3281.890
24.800,1001147.152,974287.518,709957.605,156965.665,12527.615,-3676.250,-1413.079,3010.794
24.900,1001991.880,975001.130,714725.965,158877.618,10843.617,-3695.575,-1788.350,2723.897
25.000,1002848.819,975700.546,719459.429,160801.765,9064.497,-3720.560,-2180.124,2423.789
25.100,1003717.671,976386.611,724157.517,162738.064,7206.406,-3750.385,-2585.508,2113.146
25.200,1004598.134,977060.154,728819.763,164686.472,5286.021,-3784.202,-3001.512,1794.712
25.300,1005489.903,977721.983,733445.713,166646.947,3320.401,-3821.143,-3425.079,1471.271
25.400,1006392.669,978372.887,738034.927,168619.446,1326.849,-3860.323,-3853.111,1145.629
25.500,1007306.120,979013.637,742586.977,170603.924,-677.235,-3900.853,-4282.499,820.586
25.600,1008229.943,979644.983,747101.448,172600.338,-2674.500,-3941.847,-4710.150,498.917
25.700,1009163.822,980267.658,751577.937,174608.643,-4647.787,-3982.425,-5133.009,183.346
25.800,1010107.439,980882.373,756016.054,176628.796,-6580.274,-4021.726,-5548.090,-123.474
25.900,1011060.475,981489.822,760415.420,178660.752,-8455.633,-4058.910,-5952.496,-418.985
26.000,1012022.610,982090.679,764775.669,180704.466,-10258.180,-4093.170,-6343.447,-700.744
26.100,1012993.524,982685.598,769096.447,182759.895,-11973.016,-4123.732,-6718.295,-966.444
26.200,1013972.894,983275.217,773377.411,184826.993,-13586.150,-4149.867,-7074.552,-1213.935
26.300,1014960.401,983860.150,777618.229,186905.709,-15084.619,-4170.896,-7409.902,-1441.249
26.400,1015955.722,984440.998,781818.583,188995.986,-16456.583,-4186.191,-7722.222,-1646.615
26.500,1016958.537,985018.338,785978.162,191097.759,-17691.420,-4195.185,-8009.596,-1828.478
26.600,1017968.526,985592.731,790096.671,193210.953,-18779.794,-4197.372,-8270.326,-1985.507
26.700,1018985.370,986164.720,794173.822,195335.488,-19713.728,-4192.316,-8502.946,-2116.607
26.800,1020008.751,986734.828,798209.340,197471.274,-20486.648,-4179.648,-8706.229,-2220.924
26.900,1021038.354,987303.560,802202.959,199618.216,-21093.421,-4159.075,-8879.192,-2297.852
27.000,1022073.863,987871.405,806154.424,201776.209,-21530.384,-4130.376,-9021.103,-2347.032
27.100,1023114.967,988438.831,810063.490,203945.142,-21795.345,-4093.408,-9131.482,-2368.352
27.200,1024161.354,989006.290,813929.923,206124.897,-21887.590,-4048.105,-9210.101,-2361.949
27.300,1025212.718,989574.216,817753.497,208315.348,-21807.861,-3994.478,-9256.983,-2328.198
27.400,1026268.752,990143.027,821533.997,210516.363,-21558.332,-3932.612,-9272.395,-2267.710
27.500,1027329.155,990713.121,825271.217,212727.802,-21142.568,-3862.668,-9256.848,-2181.321
27.600,1028393.627,991284.883,828964.959,214949.520,-20565.475,-3784.880,-9211.089,-2070.085
27.700,1029461.871,991858.677,832615.037,217181.364,-19833.236,-3699.551,-9136.094,-1935.256
27.800,1030533.595,992434.854,836221.271,219423.175,-18953.241,-3607.049,-9033.063,-1778.280
27.900,1031608.509,993013.747,839783.491,221674.788,-17934.010,-3507.808,-8903.401,-1600.776
28.000,1032686.328,993595.674,843301.534,223936.033,-16785.107,-3402.318,-8748.709,-1404.523
28.100,1033766.768,994180.936,846775.247,226206.735,-15517.072,-3291.125,-8570.771,-1191.446
28.200,1034849.554,994769.820,850204.484,228486.710,-14141.332,-3174.823,-8371.537,-963.601
28.300,1035934.409,995362.596,853589.107,230775.772,-12670.112,-3054.049,-8153.114,-723.152
28.400,1037021.066,995959.520,856928.988,233073.729,-11116.333,-2929.478,-7917.742,-472.362
28.500,1038109.257,996560.835,860224.017,235380.385,-9493.499,-2801.818,-7667.767,-213.563
28.600,1039198.723,997166.766,863474.111,237695.539,-7815.588,-2671.799,-7405.613,50.854
28.700,1040289.207,997777.526,866679.216,240018.984,-6096.929,-2540.175,-7133.760,318.470
28.800,1041380.456,998393.314,869839.302,242350.512,-4352.084,-2407.707,-6854.727,586.848
28.900,1042472.225,999014.315,872954.367,244689.910,-2595.726,-2275.165,-6571.046,853.565
29.000,1043564.270,999640.701,876024.436,247036.959,-842.517,-2143.318,-6285.246,1116.228
29.100,1044656.354,1000272.631,879049.559,249391.442,893.018,-2012.925,-5999.830,1372.494
29.200,1045748.245,1000910.250,882029.811,251753.133,2596.603,-1884.734,-5717.255,1620.098
29.300,1046839.715,1001553.693,884965.293,254121.808,4254.345,-1759.472,-5439.912,1856.867
29.400,1047930.542,1002203.080,887856.132,256497.238,5852.847,-1637.838,-5170.108,2080.741
29.500,1049020.508,1002858.521,890702.477,258879.191,7379.336,-1520.502,-4910.047,2289.787
29.600,1050109.402,1003520.114,893504.503,261267.435,8821.775,-1408.093,-4661.813,2482.221
29.700,1051197.015,1004187.946,896262.407,263661.734,10168.968,-1301.200,-4427.353,2656.414
29.800,1052283.148,1004862.091,898976.411,266061.853,11410.656,-1200.364,-4208.462,2810.909
29.900,1053367.603,1005542.615,901646.757,268467.552,12537.590,-1106.073,-4006.774,2944.431
30.000,1054450.188,1006229.571,904273.710,270878.593,13541.607,-1018.761,-3823.742,3055.892
30.100,1055530.719,1006923.005,906857.556,273294.734,14415.683,-938.802,-3660.634,3144.404
30.200,1056609.014,1007622.950,909398.600,275715.735,15153.981,-866.509,-3518.523,3209.276
30.300,1057684.899,1008329.431,911897.170,278141.354,15751.888,-802.130,-3398.278,3250.026
30.400,1058758.203,1009042.464,914353.611,280571.348,16206.033,-745.845,-3300.559,3266.376
30.500,1059828.761,1009762.055,916768.286,283005.475,16514.305,-697.769,-3225.815,3258.252
30.600,1060896.415,1010488.202,919141.578,285443.492,16675.848,-657.945,-3174.283,3225.787
30.700,1061961.011,1011220.894,921473.885,287885.156,16691.055,-626.349,-3145.984,3169.308
30.800,1063022.399,1011960.113,923765.623,290330.226,16561.545,-602.891,-3140.729,3089.342
30.900,1064080.436,1012705.833,926017.222,292778.459,16290.128,-587.411,-3158.122,2986.596
31.000,1065134.984,1013458.018,928229.128,295229.615,15880.770,-579.689,-3197.563,2861.960
31.100,1066185.910,1014216.628,930401.802,297683.452,15338.538,-579.440,-3258.256,2716.490
31.200,1067233.086,1014981.614,932535.716,300139.732,14669.541,-586.320,-3339.217,2551.398
31.300,1068276.390,1015752.921,934631.357,302598.215,13880.863,-599.931,-3439.287,2368.048
31.400,1069315.703,1016530.488,936689.224,305058.666,12980.490,-619.822,-3557.140,2167.940
31.500,1070350.914,1017314.246,938709.826,307520.847,11977.230,-645.496,-3691.298,1952.701
31.600,1071381.914,1018104.123,940693.684,309984.525,10880.647,-676.412,-3840.146,1724.070
31.700,1072408.602,1018900.037,942641.326,312449.467,9700.983,-711.993,-4001.945,1483.887
31.800,1073430.879,1019701.906,944553.294,314915.442,8449.078,-751.627,-4174.849,1234.070
31.900,1074448.653,1020509.638,946430.134,317382.221,7136.278,-794.680,-4356.923,976.607
32.000,1075461.837,1021323.138,948272.403,319849.576,5774.346,-840.493,-4546.157,713.534
32.100,1076470.346,1022142.308,950080.663,322317.283,4375.354,-888.392,-4740.489,446.920
32.200,1077474.102,1022967.043,951855.484,324785.118,2951.590,-937.696,-4937.818,178.850
32.300,1078473.032,1023797.235,953597.440,327252.861,1515.448,-987.716,-5136.026,-88.595
32.400,1079467.066,1024632.772,955307.113,329720.294,79.332,-1037.764,-5332.995,-353.352
32.500,1080456.140,1025473.538,956985.088,332187.200,-1344.454,-1087.163,-5526.626,-613.394
32.600,1081440.193,1026319.414,958631.953,334653.366,-2743.807,-1135.244,-5714.857,-866.753
32.700,1082419.169,1027170.277,960248.301,337118.582,-4106.934,-1181.360,-5895.682,-1111.529
32.800,1083393.017,1028026.001,961834.727,339582.638,-5422.451,-1224.884,-6067.165,-1345.914
32.900,1084361.690,1028886.458,963391.830,342045.330,-6679.488,-1265.220,-6227.460,-1568.205
33.000,1085325.143,1029751.517,964920.208,344506.455,-7867.783,-1301.806,-6374.824,-1776.818
33.100,1086283.337,1030621.045,966420.463,346965.813,-8977.770,-1334.115,-6507.631,-1970.303
33.200,1087236.238,1031494.905,967893.195,349423.207,-10000.657,-1361.664,-6624.386,-2147.352
33.300,1088183.815,1032372.961,969339.005,351878.443,-10928.495,-1384.015,-6723.737,-2306.814
33.400,1089126.038,1033255.072,970758.496,354331.330,-11754.238,-1400.780,-6804.489,-2447.697
33.500,1090062.886,1034141.097,972152.268,356781.681,-12471.791,-1411.621,-6865.606,-2569.178
33.600,1090994.337,1035030.894,973520.919,359229.310,-13076.051,-1416.255,-6906.228,-2670.606
33.700,1091920.375,1035924.319,974865.047,361674.035,-13562.941,-1414.456,-6925.670,-2751.508
33.800,1092840.988,1036821.228,976185.249,364115.678,-13929.424,-1406.057,-6923.431,-2811.588
33.900,1093756.165,1037721.473,977482.116,366554.063,-14173.523,-1390.946,-6899.195,-2850.726
34.000,1094665.901,1038624.909,978756.239,368989.018,-14294.315,-1369.075,-6852.833,-2868.980
34.100,1095570.192,1039531.389,980008.205,371420.374,-14291.931,-1340.451,-6784.405,-2866.580
34.200,1096469.039,1040440.764,981238.597,373847.965,-14167.535,-1305.144,-6694.160,-2843.923
34.300,1097362.444,1041352.887,982447.994,376271.629,-13923.300,-1263.280,-6582.532,-2801.572
34.400,1098250.414,1042267.610,983636.971,378691.206,-13562.378,-1215.040,-6450.134,-2740.241
34.500,1099132.959,1043184.786,984806.099,381106.539,-13088.852,-1160.661,-6297.750,-2660.793
34.600,1100010.090,1044104.265,985955.942,383517.477,-12507.695,-1100.432,-6126.332,-2564.226
34.700,1100881.821,1045025.901,987087.062,385923.870,-11824.710,-1034.688,-5936.985,-2451.668
34.800,1101748.171,1045949.546,988200.012,388325.571,-11046.470,-963.812,-5730.964,-2324.360
34.900,1102609.159,1046875.055,989295.342,390722.437,-10180.257,-888.227,-5509.655,-2183.648
35.000,1103464.808,1047802.280,990373.594,393114.329,-9234.008,-808.393,-5274.567,-2030.977
35.100,1104315.142,1048731.078,991435.305,395501.110,-8216.251,-724.807,-5027.318,-1867.872
35.200,1105160.189,1049661.303,992481.005,397882.646,-7136.034,-637.991,-4769.619,-1695.931
35.300,1105999.978,1050592.813,993511.217,400258.809,-6002.852,-548.493,-4503.260,-1516.811
35.400,1106834.540,1051525.466,994526.458,402629.471,-4826.565,-456.881,-4230.097,-1332.210
35.500,1107663.909,1052459.120,995527.237,404994.509,-3617.316,-363.737,-3952.031,-1143.860
35.600,1108488.121,1053393.637,996514.057,407353.802,-2385.444,-269.652,-3670.996,-953.505
35.700,1109307.213,1054328.878,997487.411,409707.233,-1141.402,-175.222,-3388.940,-762.893
35.800,1110121.225,1055264.706,998447.787,412054.688,104.338,-81.043,-3107.809,-573.756
35.900,1110930.197,1056200.986,999395.664,414396.056,1341.365,12.295,-2829.532,-387.799
36.000,1111734.173,1057137.586,1000331.514,416731.229,2559.423,104.213,-2556.004,-206.688
36.100,1112533.196,1058074.373,1001255.799,419060.103,3748.501,194.147,-2289.070,-32.029
36.200,1113327.313,1059011.218,1002168.976,421382.576,4898.922,281.550,-2030.510,134.635
36.300,1114116.571,1059947.993,1003071.491,423698.549,6001.427,365.903,-1782.025,291.848
36.400,1114901.018,1060884.571,1003963.782,426007.926,7047.258,446.712,-1545.222,438.242
36.500,1115680.705,1061820.829,1004846.281,428310.616,8028.234,523.515,-1321.604,572.558
36.600,1116455.682,1062756.644,1005719.409,430606.527,8936.815,595.888,-1112.554,693.650
36.700,1117226.002,1063691.898,1006583.580,432895.574,9766.164,663.443,-919.326,800.501
36.800,1117991.718,1064626.471,1007439.198,435177.671,10510.198,725.833,-743.037,892.223
36.900,1118752.885,1065560.250,1008286.659,437452.738,11163.629,782.756,-584.658,968.073
37.000,1119509.557,1066493.120,1009126.350,439720.696,11721.999,833.956,-445.002,1027.449
37.100,1120261.792,1067424.971,1009958.651,441981.470,12181.710,879.223,-324.723,1069.901
37.200,1121009.646,1068355.694,1010783.931,444234.986,12540.043,918.397,-224.308,1095.128
37.300,1121753.177,1069285.182,1011602.552,446481.174,12795.165,951.365,-144.075,1102.982
37.400,1122492.444,1070213.333,1012414.866,448719.965,12946.137,978.066,-84.170,1093.466
37.500,1123227.504,1071140.045,1013221.217,450951.296,12992.907,998.488,-44.569,1066.731
37.600,1123958.419,1072065.219,1014021.939,453175.103,12936.295,1012.668,-25.077,1023.076
37.700,1124685.247,1072988.758,1014817.359,455391.325,12777.979,1020.692,-25.335,962.939
37.800,1125408.050,1073910.568,1015607.795,457599.905,12520.463,1022.692,-44.821,886.895
37.900,1126126.888,1074830.559,1016393.555,459800.788,12167.046,1018.846,-82.859,795.648
38.000,1126841.823,1075748.640,1017174.939,461993.920,11721.780,1009.381,-138.623,690.023
38.100,1127552.916,1076664.727,1017952.239,464179.251,11189.427,994.561,-211.147,570.958
38.200,1128260.229,1077578.734,1018725.738,466356.732,10575.406,974.697,-299.339,439.493
38.300,1128963.823,1078490.581,1019495.710,468526.317,9885.740,950.135,-401.982,296.767
38.400,1129663.761,1079400.189,1020262.421,470687.960,9127.010,921.256,-517.754,144.001
38.500,1130360.104,1080307.481,1021026.129,472841.622,8306.299,888.476,-645.238,-17.506
38.600,1131052.915,1081212.384,1021787.083,474987.260,7431.141,852.235,-782.931,-186.390
38.700,1131742.256,1082114.828,1022545.523,477124.838,6509.457,813.000,-929.262,-361.235
38.800,1132428.188,1083014.742,1023301.683,479254.319,5549.486,771.258,-1082.601,-540.585
38.900,1133110.773,1083912.062,1024055.787,481375.669,4559.721,727.510,-1241.275,-722.958
39.000,1133790.074,1084806.724,1024808.051,483488.856,3548.834,682.271,-1403.583,-906.858
39.100,1134466.150,1085698.667,1025558.685,485593.849,2525.604,636.063,-1567.810,-1090.794
39.200,1135139.065,1086587.832,1026307.888,487690.619,1498.844,589.411,-1732.242,-1273.286
39.300,1135808.878,1087474.164,1027055.854,489779.141,477.330,542.837,-1895.181,-1452.886
39.400,1136475.650,1088357.608,1027802.768,491859.387,-530.276,496.859,-2054.957,-1628.183
39.500,1137139.441,1089238.115,1028548.807,493931.336,-1515.497,451.984,-2209.950,-1797.819
39.600,1137800.312,1090115.634,1029294.142,495994.964,-2470.116,408.705,-2358.596,-1960.500
39.700,1138458.321,1090990.121,1030038.936,498050.251,-3386.248,367.496,-2499.400,-2115.002
39.800,1139113.528,1091861.530,1030783.343,500097.178,-4256.403,328.812,-2630.953,-2260.186
39.900,1139765.991,1092729.821,1031527.513,502135.727,-5073.556,293.079,-2751.939,-2395.003
40.000,1140415.768,1093594.955,1032271.587,504165.883,-5831.199,260.695,-2861.145,-2518.501
40.100,1140862.917,1094456.361,1033015.699,506187.630,-6723.406,231.494,-2957.472,-2629.836
40.200,1140907.494,1095311.338,1033759.964,508200.954,-7944.871,203.138,-3039.951,-2728.273
40.300,1140549.670,1096156.654,1034504.475,510205.844,-9487.593,172.746,-3107.760,-2813.191
40.400,1139789.905,1096989.081,1035249.295,512202.289,-11338.619,137.465,-3160.230,-2884.090
40.500,1138629.115,1097805.400,1035994.463,514190.278,-13479.709,94.512,-3196.851,-2940.589
40.600,1137068.791,1098602.401,1036739.990,516169.802,-15888.119,41.216,-3217.273,-2982.432
40.700,1135111.067,1099376.891,1037485.861,518140.855,-18537.570,-24.955,-3221.307,-3009.483
40.800,1132758.762,1100125.700,1038232.038,520103.429,-21398.975,-106.360,-3208.924,-3021.730
40.900,1130015.394,1100845.682,1038978.454,522057.518,-24440.893,-205.166,-3180.258,-3019.280
41.000,1126885.191,1101533.726,1039725.018,524003.118,-27629.872,-323.325,-3135.596,-3002.358
41.100,1123373.085,1102186.759,1040471.615,525940.225,-30930.791,-462.550,-3075.381,-2971.302
41.200,1119484.701,1102801.750,1041218.104,527868.836,-34307.237,-624.300,-3000.201,-2926.560
41.300,1115226.336,1103375.719,1041964.320,529788.950,-37721.922,-809.765,-2910.783,-2868.683
41.400,1110604.927,1103905.740,1042710.076,531700.564,-41137.086,-1019.854,-2807.988,-2798.317
41.500,1105628.018,1104388.946,1043455.160,533603.678,-44514.908,-1255.189,-2692.798,-2716.204
41.600,1100303.722,1104822.534,1044199.338,535498.293,-47817.883,-1516.094,-2566.309,-2623.167
41.700,1094640.677,1105203.769,1044942.354,537384.408,-51009.189,-1802.598,-2429.720,-2520.111
41.800,1088648.002,1105529.990,1045683.930,539262.027,-54053.038,-2114.431,-2284.325,-2408.016
41.900,1082335.254,1105798.610,1046423.768,541131.150,-56915.004,-2451.031,-2131.498,-2287.925
42.000,1075712.382,1106007.123,1047161.547,542991.781,-59562.337,-2811.547,-1972.681,-2160.938
42.100,1068789.680,1106153.104,1047896.929,544843.922,-61964.254,-3194.852,-1809.372,-2028.203
42.200,1061577.742,1106234.213,1048629.556,546687.578,-64092.208,-3599.553,-1643.112,-1890.904
42.300,1054087.423,1106248.198,1049359.051,548522.752,-65920.126,-4024.010,-1475.470,-1750.255
42.400,1046329.792,1106192.895,1050085.020,550349.450,-67424.625,-4466.346,-1308.029,-1607.485
42.500,1038316.092,1106066.229,1050807.050,552167.675,-68585.200,-4924.471,-1142.375,-1463.834
42.600,1030057.703,1105866.218,1051524.714,553977.434,-69384.380,-5396.100,-980.078,-1320.535
42.700,1021566.104,1105590.974,1052237.569,555778.733,-69807.856,-5878.771,-822.681,-1178.811
42.800,1012852.838,1105238.700,1052945.154,557571.577,-69844.578,-6369.874,-671.688,-1039.860
42.900,1003929.479,1104807.692,1053646.997,559355.973,-69486.824,-6866.669,-528.545,-904.848
43.000,994807.605,1104296.341,1054342.611,561131.926,-68730.235,-7366.315,-394.630,-774.899
43.100,985498.763,1103703.130,1055031.497,562899.445,-67573.822,-7865.890,-271.242,-651.083
43.200,976014.448,1103026.637,1055713.140,564658.537,-66019.942,-8362.423,-159.589,-534.411
43.300,966366.078,1102265.531,1056387.019,566409.207,-64074.261,-8852.914,-60.776,-425.829
43.400,956564.968,1101418.574,1057052.599,568151.464,-61745.720,-9334.365,24.200,-326.201
43.500,946622.315,1100484.616,1057709.334,569885.315,-59046.482,-9803.800,94.461,-236.315
43.600,936549.177,1099462.600,1058356.670,571610.767,-55991.847,-10258.295,149.252,-156.865
43.700,926356.456,1098351.555,1058994.045,573327.829,-52600.133,-10694.997,187.952,-88.456
43.800,916054.883,1097150.600,1059620.885,575036.508,-48892.521,-11111.153,210.072,-31.592
43.900,905655.007,1095858.937,1060236.614,576736.811,-44892.878,-11504.129,215.262,13.324
44.000,895167.181,1094475.853,1060840.644,578428.747,-40627.546,-11871.431,203.312,45.995
44.100,884601.552,1093000.720,1061432.383,580112.323,-36125.125,-12210.725,174.152,66.227
44.200,873968.054,1091432.986,1062011.234,581787.546,-31416.221,-12519.857,127.855,73.940
44.300,863276.395,1089772.183,1062576.594,583454.425,-26533.188,-12796.864,64.631,69.157
44.400,852536.059,1088017.918,1063127.854,585112.967,-21509.851,-13039.995,-15.174,52.009
44.500,841756.291,1086169.872,1063664.403,586763.179,-16381.219,-13247.721,-111.081,22.731
44.600,830946.099,1084227.802,1064185.627,588405.068,-11183.185,-13418.743,-222.485,-18.338
44.700,820114.250,1082191.535,1064690.908,590038.643,-5952.224,-13552.008,-348.660,-70.764
44.800,809269.263,1080060.968,1065179.626,591663.910,-725.081,-13646.717,-488.766,-134.019
44.900,798419.410,1077836.066,1065651.158,593280.876,4461.533,-13702.332,-641.855,-207.489
45.000,787572.716,1075516.858,1066104.883,594889.547,9571.270,-13718.582,-806.883,-290.477
45.100,776736.955,1073103.438,1066540.176,596489.931,14568.471,-13695.460,-982.716,-382.213
45.200,765919.652,1070595.960,1066956.413,598082.034,19418.486,-13633.226,-1168.138,-481.858
45.300,755128.083,1067994.640,1067352.970,599665.862,24087.973,-13532.407,-1361.865,-588.515
45.400,744369.275,1065299.748,1067729.224,601241.421,28545.194,-13393.797,-1562.553,-701.233
45.500,733650.010,1062511.611,1068084.552,602808.717,32760.298,-13218.455,-1768.813,-819.022
45.600,722976.822,1059630.611,1068418.333,604367.755,36705.578,-13007.695,-1979.217,-940.854
45.700,712356.004,1056657.179,1068729.949,605918.541,40355.702,-12763.079,-2192.316,-1065.680
45.800,701793.608,1053591.797,1069018.781,607461.079,43687.911,-12486.401,-2406.648,-1192.437
45.900,691295.445,1050434.993,1069284.217,608995.375,46682.187,-12179.674,-2620.755,-1320.054
46.000,680867.093,1047187.342,1069525.645,610521.433,49321.399,-11845.113,-2833.190,-1447.464
46.100,670513.898,1043849.463,1069742.457,612039.257,51591.407,-11485.119,-3042.537,-1573.614
46.200,660240.973,1040422.015,1069934.048,613548.850,53481.152,-11102.258,-3247.416,-1697.472
46.300,650053.209,1036905.699,1070099.819,615050.218,54982.712,-10699.240,-3446.497,-1818.035
46.400,639955.272,1033301.254,1070239.173,616543.362,56091.321,-10278.900,-3638.509,-1934.339
46.500,629951.609,1029609.453,1070351.518,618028.286,56805.374,-9844.172,-3822.252,-2045.463
46.600,620046.452,1025831.106,1070436.269,619504.992,57126.394,-9398.065,-3996.605,-2150.541
46.700,610243.822,1021967.056,1070492.843,620973.484,57058.979,-8943.642,-4160.530,-2248.765
46.800,600547.531,1018018.177,1070520.664,622433.762,56610.715,-8483.994,-4313.088,-2339.391
46.900,590961.188,1013985.371,1070519.163,623885.828,55792.076,-8022.212,-4453.435,-2421.748
47.000,581488.201,1009869.569,1070487.773,625329.685,54616.288,-7561.370,-4580.836,-2495.235
47.100,572131.783,1005671.730,1070425.937,626765.333,53099.186,-7104.492,-4694.665,-2559.334
47.200,562894.954,1001392.835,1070333.103,628192.772,51259.035,-6654.535,-4794.409,-2613.606
47.300,553780.545,997033.889,1070208.724,629612.003,49116.359,-6214.362,-4879.676,-2657.698
47.400,544791.206,992595.920,1070052.261,631023.026,46693.758,-5786.722,-4950.192,-2691.343
47.500,535929.402,988079.975,1069863.183,632425.841,44015.726,-5374.228,-5005.806,-2714.358
47.600,527197.426,983487.121,1069640.963,633820.446,41108.467,-4979.336,-5046.487,-2726.651
47.700,518597.397,978818.440,1069385.083,635206.842,37999.693,-4604.328,-5072.324,-2728.213
47.800,510131.266,974075.033,1069095.033,636585.026,34718.403,-4251.298,-5083.526,-2719.121
47.900,501800.818,969258.014,1068770.309,637954.997,31294.647,-3922.128,-5080.415,-2699.538
48.000,493607.680,964368.511,1068410.415,639316.752,27759.279,-3618.485,-5063.423,-2669.706
48.100,485553.322,959407.662,1068014.863,640670.290,24143.709,-3341.802,-5033.090,-2629.948
48.200,477639.061,954376.620,1067583.172,642015.607,20479.642,-3093.271,-4990.054,-2580.662
48.300,469866.064,949276.544,1067114.870,643352.701,16798.822,-2873.838,-4935.050,-2522.321
48.400,462235.356,944108.603,1066609.492,644681.568,13132.777,-2684.191,-4868.900,-2455.466
48.500,454747.818,938873.973,1066066.581,646002.204,9512.559,-2524.763,-4792.505,-2380.704
48.600,447404.196,933573.836,1065485.689,647314.605,5968.497,-2395.722,-4706.842,-2298.703
48.700,440205.101,928209.379,1064866.376,648618.767,2529.954,-2296.979,-4612.953,-2210.183
48.800,433151.015,922781.795,1064208.208,649914.685,-774.907,-2228.186,-4511.934,-2115.915
48.900,426242.294,917292.276,1063510.762,651202.354,-3919.345,-2188.746,-4404.931,-2016.711
49.000,419479.170,911742.019,1062773.622,652481.768,-6878.253,-2177.817,-4293.123,-1913.416
49.100,412861.758,906132.222,1061996.380,653752.921,-9628.357,-2194.326,-4177.721,-1806.905
49.200,406390.058,900464.082,1061178.639,655015.808,-12148.425,-2236.976,-4059.949,-1698.072
49.300,400063.957,894738.796,1060320.006,656270.423,-14419.446,-2304.263,-3941.039,-1587.823
49.400,393883.233,888957.557,1059420.099,657516.758,-16424.794,-2394.491,-3822.220,-1477.069
49.500,387847.563,883121.560,1058478.545,658754.806,-18150.346,-2505.787,-3704.705,-1366.721
49.600,381956.519,877231.992,1057494.977,659984.561,-19584.589,-2636.120,-3589.685,-1257.675
49.700,376209.578,871290.037,1056469.037,661206.014,-20718.678,-2783.322,-3478.316,-1150.814
49.800,370606.120,865296.877,1055400.378,662419.158,-21546.487,-2945.107,-3371.712,-1046.994
49.900,365145.435,859253.684,1054288.657,663623.985,-22064.622,-3119.092,-3270.932,-947.037
50.000,359826.728,853161.627,1053133.542,664820.486,-22272.417,-3302.815,-3176.978,-851.730
50.100,354649.115,847021.865,1051934.709,666008.652,-22171.898,-3493.761,-3090.781,-761.813
50.200,349611.633,840835.551,1050691.842,667188.475,-21767.732,-3689.378,-3013.196,-677.975
50.300,344713.241,834603.830,1049404.631,668359.945,-21067.147,-3887.103,-2944.995,-600.850
50.400,339952.823,828327.836,1048072.778,669523.053,-20079.831,-4084.382,-2886.864,-531.009
50.500,335329.190,822008.695,1046695.990,670677.789,-18817.815,-4278.693,-2839.391,-468.958
50.600,330841.087,815647.522,1045273.982,671824.142,-17295.335,-4467.569,-2803.070,-415.135
50.700,326487.190,809245.423,1043806.479,672962.104,-15528.675,-4648.614,-2778.291,-369.903
50.800,322266.115,802803.489,1042293.213,674091.662,-13536.005,-4819.532,-2765.343,-333.550
50.900,318176.415,796322.803,1040733.922,675212.807,-11337.214,-4978.140,-2764.405,-306.287
51.000,314216.590,789804.434,1039128.353,676325.528,-8953.743,-5122.386,-2775.553,-288.243
51.100,310385.083,783249.439,1037476.261,677429.813,-6408.405,-5250.370,-2798.754,-279.471
51.200,306680.287,776658.862,1035777.409,678525.651,-3725.194,-5360.353,-2833.870,-279.942
51.300,303100.545,770033.732,1034031.564,679613.030,-929.076,-5450.773,-2880.659,-289.548
51.400,299644.157,763375.066,1032238.506,680691.939,1954.223,-5520.256,-2938.779,-308.105
51.500,296309.378,756683.867,1030398.016,681762.366,4898.438,-5567.628,-3007.791,-335.355
51.600,293094.422,749961.121,1028509.887,682824.298,7876.999,-5591.919,-3087.164,-370.966
51.700,289997.467,743207.802,1026573.916,683877.723,10863.268,-5592.371,-3176.279,-414.540
51.800,287016.654,736424.867,1024589.909,684922.629,13830.788,-5568.444,-3274.437,-465.613
51.900,284150.093,729613.259,1022557.677,685959.003,16753.527,-5519.817,-3380.863,-523.661
52.000,281395.861,722773.904,1020477.040,686986.832,19606.111,-5446.388,-3494.717,-588.107
52.100,278752.008,715907.714,1018347.822,688006.103,22364.045,-5348.276,-3615.098,-658.324
52.200,276216.560,709015.582,1016169.855,689016.803,25003.918,-5225.816,-3741.054,-733.642
52.300,273787.519,702098.387,1013942.978,690018.919,27503.597,-5079.553,-3871.592,-813.350
52.400,271462.863,695156.991,1011667.034,691012.437,29842.394,-4910.237,-4005.683,-896.710
52.500,269240.555,688192.240,1009341.874,691997.343,32001.236,-4718.814,-4142.274,-982.957
52.600,267118.539,681205.495,1006967.356,692973.625,33962.801,-4505.883,-4280.296,-1071.307
52.700,265094.744,674200.235,1004543.340,693941.268,35711.645,-4270.090,-4418.675,-1160.967
52.800,263167.089,667180.454,1002069.697,694900.258,37234.307,-4009.735,-4556.338,-1251.140
52.900,261333.480,660150.127,999546.299,695850.581,38519.399,-3723.340,-4692.225,-1341.030
53.000,259591.815,653113.207,996973.026,696792.223,39557.670,-3409.677,-4825.295,-1429.854
53.100,257939.985,646073.621,994349.764,697725.170,40342.055,-3067.792,-4954.538,-1516.841
53.200,256375.877,639035.265,991676.402,698649.408,40867.706,-2697.022,-5078.980,-1601.246
53.300,254897.374,632001.995,988952.837,699564.921,41131.997,-2297.002,-5197.691,-1682.351
53.400,253502.358,624977.630,986178.968,700471.697,41134.514,-1867.670,-5309.798,-1759.470
53.500,252188.711,617965.938,983354.702,701369.719,40877.027,-1409.272,-5414.482,-1831.960
53.600,250954.318,610970.634,980479.948,702258.974,40363.445,-922.360,-5510.993,-1899.220
53.700,249797.068,603995.374,977554.623,703139.447,39599.743,-407.790,-5598.651,-1960.698
53.800,248714.852,597043.750,974578.645,704011.122,38593.889,133.284,-5676.852,-2015.897
53.900,247705.573,590119.283,971551.939,704873.986,37355.741,699.419,-5745.075,-2064.376
54.000,246767.137,583225.421,968474.434,705728.024,35896.947,1288.895,-5802.880,-2105.753
54.100,245897.462,576365.532,965346.061,706573.219,34230.835,1899.726,-5849.915,-2139.711
54.200,245094.478,569542.901,962166.758,707409.559,32372.303,2529.683,-5885.917,-2165.997
54.300,244356.126,562760.725,958936.476,708237.027,30337.697,3176.305,-5910.706,-2184.422
54.400,243680.359,556022.109,955655.203,709055.609,28144.688,3836.928,-5924.156,-2194.867
54.500,243065.148,549330.066,952322.969,709865.289,25812.119,4508.700,-5926.200,-2197.279
54.600,242508.478,542687.511,948939.850,710666.053,23359.852,5188.613,-5916.819,-2191.670
54.700,242008.351,536097.258,945505.965,711457.886,20808.603,5873.523,-5896.052,-2178.122
54.800,241562.788,529562.022,942021.476,712240.773,18179.758,6560.186,-5863.989,-2156.779
54.900,241169.828,523084.411,938486.585,713014.698,15495.205,7245.287,-5820.777,-2127.849
55.000,240827.532,516666.933,934901.542,713779.646,12777.141,7925.467,-5766.615,-2091.600
55.100,240533.980,510311.986,931266.634,714535.604,10047.889,8597.358,-5701.755,-2048.360
55.200,240287.276,504021.864,927582.193,715282.554,7329.715,9257.607,-5626.497,-1998.508
55.300,240085.545,497798.752,923848.589,716020.483,4644.639,9902.906,-5541.189,-1942.478
55.400,239926.937,491644.729,920066.235,716749.376,2014.253,10530.018,-5446.224,-1880.750
55.500,239809.626,485561.766,916235.583,717469.217,-540.454,11135.806,-5342.037,-1813.847
55.600,239731.812,479551.727,912357.122,718179.992,-2999.268,11717.254,-5229.103,-1742.332
55.700,239691.719,473616.371,908431.382,718881.686,-5342.918,12271.495,-5107.931,-1666.804
55.800,239687.600,467757.349,904458.928,719574.283,-7553.243,12795.828,-4979.066,-1587.889
55.900,239717.732,461976.210,900440.362,720257.770,-9613.362,13287.744,-4843.078,-1506.237
56.000,239780.423,456274.397,896376.321,720932.130,-11507.831,13744.939,-4700.563,-1422.518
56.100,239874.007,450653.252,892267.476,721597.350,-13222.768,14165.335,-4552.137,-1337.411
56.200,239996.848,445114.014,888114.532,722253.415,-14745.968,14547.090,-4398.435,-1251.604
56.300,240147.338,439657.826,883918.226,722900.310,-16066.992,14888.615,-4240.099,-1165.787
56.400,240323.899,434285.730,879679.323,723538.020,-17177.238,15188.581,-4077.782,-1080.643
56.500,240524.984,428998.674,875398.622,724166.531,-18069.991,15445.927,-3912.140,-996.844
56.600,240749.075,423797.510,871076.948,724785.828,-18740.463,15659.866,-3743.826,-915.049
56.700,240994.686,418682.999,866715.154,725395.897,-19185.811,15829.886,-3573.488,-835.893
56.800,241260.359,413655.812,862314.119,725996.724,-19405.129,15955.755,-3401.765,-759.984
56.900,241544.671,408716.530,857874.746,726588.293,-19399.441,16037.517,-3229.280,-687.900
57.000,241846.227,403865.650,853397.964,727170.592,-19171.654,16075.491,-3056.639,-620.181
57.100,242163.666,399103.583,848884.721,727743.605,-18726.520,16070.272,-2884.426,-557.327
57.200,242495.658,394430.660,844335.989,728307.319,-18070.558,16022.728,-2713.198,-499.793
57.300,242840.903,389847.131,839752.759,728861.719,-17211.980,15933.992,-2543.483,-447.987
57.400,243198.136,385353.170,835136.041,729406.792,-16160.597,15805.457,-2375.776,-402.263
57.500,243566.121,380948.873,830486.862,729942.524,-14927.710,15638.761,-2210.537,-362.920
57.600,243943.656,376634.268,825806.265,730468.900,-13525.992,15435.778,-2048.183,-330.201
57.700,244329.570,372409.307,821095.309,730985.907,-11969.370,15198.601,-1889.090,-304.291
57.800,244722.724,368273.877,816355.066,731493.532,-10272.899,14929.533,-1733.587,-285.314
57.900,245122.012,364227.797,811586.621,731991.761,-8452.647,14631.068,-1581.959,-273.334
58.000,245526.358,360270.825,806791.072,732480.580,-6525.557,14305.875,-1434.440,-268.355
58.100,245934.720,356402.653,801969.526,732959.975,-4509.316,13956.774,-1291.218,-270.321
58.200,246346.085,352622.916,797123.098,733429.935,-2422.201,13586.719,-1152.432,-279.119
58.300,246759.474,348931.193,792252.915,733890.444,-282.930,13198.771,-1018.171,-294.576
58.400,247173.937,345327.005,787360.109,734341.491,1889.498,12796.076,-888.478,-316.466
58.500,247588.558,341809.821,782445.818,734783.062,4075.959,12381.841,-763.349,-344.511
58.600,248002.450,338379.060,777511.185,735215.144,6257.374,11959.309,-642.734,-378.381
58.700,248414.756,335034.091,772557.358,735637.725,8414.880,11531.732,-526.541,-417.702
58.800,248824.651,331774.238,767585.489,736050.791,10530.012,11102.346,-414.635,-462.056
58.900,249231.341,328598.778,762596.730,736454.329,12584.865,10674.349,-306.844,-510.987
59.000,249634.060,325506.947,757592.237,736848.328,14562.251,10250.873,-202.960,-564.005
59.100,250032.072,322497.939,752573.165,737232.774,16445.843,9834.962,-102.742,-620.589
59.200,250424.671,319570.911,747540.669,737607.656,18220.306,9429.545,-5.920,-680.193
59.300,250811.181,316724.983,742495.902,737972.961,19871.413,9037.420,87.804,-742.248
59.400,251190.953,313959.237,737440.016,738328.676,21386.161,8661.228,178.747,-806.171
59.500,251563.366,311272.725,732374.160,738674.790,22752.860,8303.435,267.246,-871.367
59.600,251927.830,308664.468,727299.480,739011.290,23961.214,7966.315,353.653,-937.234
59.700,252283.779,306133.454,722217.118,739338.165,25002.398,7651.933,438.331,-1003.170
59.800,252630.677,303678.647,717128.209,739655.402,25869.102,7362.129,521.646,-1068.574
59.900,252968.013,301298.983,712033.884,739962.991,26555.578,7098.507,603.972,-1132.857
60.000,253295.303,298993.374,706935.268,740260.918,27057.666,6862.424,685.678,-1195.443
60.100,253612.090,296760.708,701833.479,740549.174,27372.799,6654.984,767.129,-1255.775
60.200,253917.942,294599.854,696729.627,740827.745,27500.010,6477.025,848.681,-1313.321
60.300,254212.451,292509.660,691624.814,741096.622,27439.910,6329.122,930.678,-1367.576
60.400,254495.235,290488.957,686520.133,741355.792,27194.663,6211.584,1013.446,-1418.070
60.500,254765.937,288536.557,681416.671,741605.244,26767.939,6124.448,1097.296,-1464.366
60.600,255024.222,286651.259,676315.500,741844.968,26164.867,6067.491,1182.512,-1506.067
60.700,255269.779,284831.848,671217.688,742074.952,25391.963,6040.228,1269.357,-1542.822
60.800,255502.321,283077.096,666124.287,742295.185,24457.056,6041.920,1358.067,-1574.321
60.900,255721.582,281385.765,661036.341,742505.657,23369.202,6071.584,1448.850,-1600.303
61.000,255927.319,279756.605,655954.884,742706.356,22138.596,6128.004,1541.886,-1620.556
61.100,256119.310,278188.362,650880.934,742897.273,20776.492,6209.739,1637.322,-1634.919
61.200,256297.353,276679.770,645815.500,743078.396,19295.113,6315.144,1735.277,-1643.281
61.300,256461.269,275229.560,640759.579,743249.715,17707.559,6442.381,1835.836,-1645.583
61.400,256610.898,273836.458,635714.154,743411.220,16027.698,6589.439,1939.049,-1641.817
61.500,256746.097,272499.186,630680.194,743562.901,14270.051,6754.154,2044.937,-1632.026
61.600,256866.745,271216.463,625658.656,743704.747,12449.670,6934.228,2153.486,-1616.305
61.700,256972.740,269987.008,620650.484,743836.748,10582.012,7127.251,2264.649,-1594.796
61.800,257063.996,268809.538,615656.607,743958.894,8682.808,7330.720,2378.346,-1567.689
61.900,257140.444,267682.773,610677.940,744071.175,6767.931,7542.063,2494.468,-1535.220
62.000,257202.036,266605.432,605715.384,744173.581,4853.268,7758.661,2612.873,-1497.666
62.100,257248.736,265576.238,600769.826,744266.103,2954.584,7977.872,2733.393,-1455.347
62.200,257280.528,264593.919,595842.138,744348.731,1087.393,8197.052,2855.830,-1408.616
62.300,257297.408,263657.205,590933.176,744421.455,-733.167,8413.580,2979.961,-1357.862
62.400,257299.390,262764.833,586043.783,744484.265,-2492.463,8624.880,3105.541,-1303.507
62.500,257286.501,261915.545,581174.787,744537.153,-4176.487,8828.439,3232.302,-1245.997
62.600,257258.783,261108.091,576326.998,744580.108,-5771.984,9021.837,3359.960,-1185.803
62.700,257216.291,260341.228,571501.215,744613.122,-7266.563,9202.760,3488.216,-1123.413
62.800,257159.095,259613.722,566698.217,744636.186,-8648.817,9369.021,3616.759,-1059.333
62.900,257087.274,258924.349,561918.772,744649.289,-9908.412,9518.579,3745.270,-994.078
63.000,257000.923,258271.893,557163.630,744652.423,-11036.175,9649.553,3873.425,-928.170
63.100,256900.148,257655.150,552433.525,744645.580,-12024.159,9760.240,4000.896,-862.131
63.200,256785.064,257072.927,547729.178,744628.749,-12865.702,9849.122,4127.356,-796.482
63.300,256655.800,256524.041,543051.293,744601.922,-13555.466,9914.887,4252.481,-731.738
63.400,256512.494,256007.325,538400.558,744565.091,-14089.470,9956.430,4375.952,-668.400
63.500,256355.292,255521.622,533777.646,744518.247,-14465.106,9972.866,4497.458,-606.955
63.600,256184.355,255065.789,529183.215,744461.381,-14681.140,9963.534,4616.700,-547.871
63.700,255999.846,254638.698,524617.908,744394.483,-14737.711,9928.004,4733.390,-491.588
63.800,255801.943,254239.233,520082.350,744317.547,-14636.304,9866.074,4847.256,-438.521
63.900,255590.829,253866.297,515577.154,744230.563,-14379.725,9777.781,4958.044,-389.054
64.000,255366.694,253518.803,511102.915,744133.523,-13972.053,9663.391,5065.516,-343.537
64.100,255129.738,253195.685,506660.215,744026.419,-13418.588,9523.398,5169.459,-302.281
64.200,254880.167,252895.889,502249.620,743909.242,-12725.790,9358.518,5269.677,-265.560
64.300,254618.193,252618.379,497871.681,743781.984,-11901.208,9169.680,5366.001,-233.607
64.400,254344.034,252362.136,493526.934,743644.637,-10953.395,8958.019,5458.286,-206.611
64.500,254057.916,252126.157,489215.899,743497.192,-9891.827,8724.861,5546.410,-184.719
64.600,253760.068,251909.458,484939.085,743339.642,-8726.815,8471.713,5630.278,-168.031
64.700,253450.725,251711.070,480696.982,743171.979,-7469.424,8200.249,5709.823,-156.606
64.800,253130.126,251530.044,476490.069,742994.195,-6131.387,7912.294,5785.001,-150.454
64.900,252798.517,251365.448,472318.809,742806.281,-4725.006,7609.805,5855.798,-149.543
65.000,252456.144,251216.369,468183.652,742608.231,-3263.052,7294.860,5922.221,-153.797
65.100,252103.260,251081.911,464085.033,742400.035,-1758.653,6969.632,5984.308,-163.096
65.200,251740.120,250961.197,460023.374,742181.687,-225.189,6636.375,6042.119,-177.279
65.300,251366.982,250853.370,455999.082,741953.179,1323.825,6297.402,6095.738,-196.147
65.400,250984.106,250757.590,452012.553,741714.502,2874.852,5955.066,6145.272,-219.462
65.500,250591.755,250673.036,448064.168,741465.650,4414.444,5611.739,6190.850,-246.954
65.600,250190.195,250598.908,444154.295,741206.615,5929.373,5269.793,6232.622,-278.316
65.700,249779.692,250534.422,440283.290,740937.388,7406.753,4931.578,6270.756,-313.217
65.800,249360.516,250478.815,436451.495,740657.964,8834.152,4599.403,6305.436,-351.297
65.900,248932.934,250431.344,432659.241,740368.334,10199.705,4275.517,6336.862,-392.174
66.000,248497.218,250391.281,428906.845,740068.491,11492.210,3962.092,6365.250,-435.444
66.100,248053.639,250357.922,425194.614,739758.427,12701.219,3661.200,6390.825,-480.688
66.200,247602.468,250330.580,421522.841,739438.136,13817.115,3374.801,6413.828,-527.475
66.300,247143.977,250308.585,417891.809,739107.609,14831.189,3104.727,6434.510,-575.363
66.400,246678.436,250291.289,414301.789,738766.840,15735.702,2852.663,6453.131,-623.903
66.500,246206.118,250278.062,410753.039,738415.821,16523.936,2620.138,6469.958,-672.646
66.600,245727.291,250268.293,407245.810,738054.546,17190.240,2408.511,6485.265,-721.145
66.700,245242.227,250261.388,403780.338,737683.006,17730.062,2218.961,6499.325,-768.956
66.800,244751.194,250256.775,400356.850,737301.195,18139.971,2052.478,6512.414,-815.647
66.900,244254.458,250253.897,396975.564,736909.107,18417.672,1909.857,6524.806,-860.797
67.000,243752.285,250252.217,393636.686,736506.732,18562.008,1791.691,6536.772,-904.001
67.100,243244.941,250251.218,390340.412,736094.066,18572.953,1698.367,6548.576,-944.874
67.200,242732.687,250250.398,387086.931,735671.100,18451.595,1630.067,6560.474,-983.055
67.300,242215.783,250249.275,383876.419,735237.828,18200.110,1586.762,6572.715,-1018.205
67.400,241694.489,250247.384,380709.044,734794.242,17821.728,1568.221,6585.533,-1050.016
67.500,241169.059,250244.279,377584.966,734340.336,17320.690,1574.008,6599.151,-1078.210
67.600,240639.747,250239.529,374504.336,733876.103,16702.196,1603.490,6613.774,-1102.541
67.700,240106.804,250232.723,371467.295,733401.536,15972.344,1655.842,6629.594,-1122.797
67.800,239570.478,250223.464,368473.978,732916.628,15138.070,1730.058,6646.782,-1138.804
67.900,239031.013,250211.375,365524.508,732421.372,14207.084,1824.955,6665.492,-1150.424
68.000,238488.652,250196.095,362619.005,731915.762,13187.812,1939.190,6685.856,-1157.557
68.100,237943.634,250177.277,359757.578,731399.791,12089.332,2071.271,6707.985,-1160.143
68.200,237396.193,250154.592,356940.329,730873.451,10921.299,2219.569,6731.971,-1158.160
68.300,236846.562,250127.728,354167.355,730336.736,9693.868,2382.334,6757.879,-1151.627
68.400,236294.970,250096.386,351438.741,729789.640,8417.604,2557.709,6785.753,-1140.600
68.500,235741.641,250060.285,348754.556,729232.155,7103.399,2743.750,6815.601,-1125.175
68.600,235186.796,250019.159,346114.841,728664.276,5762.375,2938.442,6847.386,-1105.483
68.700,234630.653,249972.755,343519.613,728085.994,4405.793,3139.714,6881.028,-1081.690
68.800,234073.426,249920.835,340968.860,727497.304,3044.961,3345.462,6916.407,-1053.997
68.900,233515.323,249863.178,338462.546,726898.199,1691.138,3553.564,6953.362,-1022.636
69.000,232956.551,249799.575,336000.609,726288.673,355.440,3761.896,6991.696,-987.868
69.100,232397.311,249729.831,333582.963,725668.718,-951.247,3968.355,7031.173,-949.981
69.200,231837.800,249653.765,331209.494,725038.328,-2218.368,4170.875,7071.527,-909.288
69.300,231278.211,249571.209,328880.068,724397.497,-3435.786,4367.444,7112.461,-866.122
69.400,230718.733,249482.009,326594.522,723746.218,-4593.873,4556.119,7153.652,-820.837
69.500,230159.552,249386.022,324352.673,723084.484,-5683.593,4735.041,7194.752,-773.799
69.600,229600.846,249283.120,322154.314,722412.289,-6696.584,4902.451,7235.395,-725.388
69.700,229042.792,249173.184,319999.215,721729.626,-7625.223,5056.707,7275.199,-675.992
69.800,228485.561,249056.110,317887.124,721036.489,-8462.695,5196.290,7313.768,-626.004
69.900,227929.321,248931.804,315817.766,720332.871,-9203.034,5319.819,7350.700,-575.817
70.000,227374.235,248800.182,313790.849,719618.765,-9841.174,5426.062,7385.589,-525.824
70.100,226820.459,248661.175,311806.056,718894.166,-10372.978,5513.943,7418.026,-476.413
70.200,226268.149,248514.721,309863.055,718159.067,-10795.262,5582.553,7447.609,-427.962
70.300,225717.454,248360.769,307961.491,717413.461,-11105.810,5631.149,7473.944,-380.840
70.400,225168.518,248199.281,306100.992,716657.342,-11303.382,5659.164,7496.647,-335.400
70.500,224621.481,248030.225,304281.169,715890.703,-11387.708,5666.207,7515.351,-291.978
70.600,224076.481,247853.580,302501.617,715113.538,-11359.481,5652.067,7529.708,-250.889
70.700,223533.647,247669.337,300761.911,714325.840,-11220.332,5616.709,7539.393,-212.429
70.800,222993.108,247477.491,299061.615,713527.603,-10972.808,5560.278,7544.110,-176.865
70.900,222454.986,247278.050,297400.275,712718.821,-10620.334,5483.095,7543.589,-144.441
71.000,221919.400,247071.028,295777.424,711899.487,-10167.172,5385.655,7537.597,-115.370
71.100,221386.462,246856.449,294192.581,711069.595,-9618.373,5268.621,7525.932,-89.838
71.200,220856.283,246634.342,292645.255,710229.138,-8979.721,5132.819,7508.428,-67.997
71.300,220328.968,246404.746,291134.939,709378.110,-8257.673,4979.228,7484.959,-49.968
71.400,219804.618,246167.708,289661.118,708516.505,-7459.299,4808.972,7455.437,-35.840
71.500,219283.329,245923.279,288223.264,707644.316,-6592.223,4623.310,7419.814,-25.668
71.600,218765.195,245671.519,286820.842,706761.537,-5664.563,4423.624,7378.084,-19.475
71.700,218250.302,245412.494,285453.306,705868.161,-4684.868,4211.406,7330.282,-17.249
71.800,217738.736,245146.277,284120.102,704964.182,-3662.043,3988.245,7276.487,-18.948
71.900,217230.577,244872.944,282820.668,704049.593,-2605.279,3755.814,7216.818,-24.495
72.000,216725.900,244592.580,281554.436,703124.389,-1523.975,3515.854,7151.435,-33.785
72.100,216224.777,244305.275,280320.830,702188.564,-427.657,3270.161,7080.537,-46.681
72.200,215727.277,244011.122,279119.270,701242.109,674.098,3020.568,7004.362,-63.020
72.300,215233.464,243710.222,277949.169,700285.020,1771.749,2768.929,6923.183,-82.610
72.400,214743.398,243402.677,276809.938,699317.290,2855.871,2517.106,6837.307,-105.236
72.500,214257.136,243088.597,275700.981,698338.913,3917.241,2266.953,6747.072,-130.658
72.600,213774.730,242768.094,274621.703,697349.882,4946.917,2020.296,6652.845,-158.617
72.700,213296.230,242441.285,273571.501,696350.191,5936.319,1778.924,6555.020,-188.833
72.800,212821.682,242108.290,272549.774,695339.833,6877.307,1544.569,6454.012,-221.010
72.900,212351.126,241769.233,271555.918,694318.803,7762.244,1318.896,6350.257,-254.839
73.000,211884.603,241424.242,270589.327,693287.094,8584.061,1103.485,6244.207,-289.999
73.100,211422.146,241073.446,269649.397,692244.700,9336.307,899.821,6136.326,-326.158
73.200,210963.788,240716.979,268735.521,691191.615,10013.203,709.284,6027.087,-362.981
73.300,210509.557,240354.976,267847.094,690127.831,10609.680,533.133,5916.968,-400.130
73.400,210059.479,239987.575,266983.512,689053.343,11121.411,372.496,5806.451,-437.266
73.500,209613.575,239614.917,266144.173,687968.145,11544.841,228.364,5696.012,-474.052
73.600,209171.865,239237.145,265328.475,686872.231,11877.206,101.580,5586.124,-510.157
73.700,208734.364,238854.402,264535.819,685765.593,12116.543,-7.168,5477.250,-545.259
73.800,208301.087,238466.834,263765.610,684648.226,12261.699,-97.350,5369.840,-579.046
73.900,207872.041,238074.589,263017.255,683520.124,12312.326,-168.595,5264.326,-611.219
74.000,207447.237,237677.816,262290.163,682381.280,12268.873,-220.698,5161.123,-641.497
74.100,207026.677,237276.663,261583.748,681231.688,12132.573,-253.615,5060.621,-669.615
74.200,206610.364,236871.282,260897.431,680071.342,11905.414,-267.467,4963.186,-695.328
74.300,206198.297,236461.824,260230.632,678900.235,11590.118,-262.532,4869.156,-718.416
74.400,205790.474,236048.440,259582.781,677718.362,11190.105,-239.243,4778.835,-738.680
74.500,205386.888,235631.285,258953.309,676525.716,10709.450,-198.186,4692.499,-755.948
74.600,204987.531,235210.509,258341.654,675322.290,10152.843,-140.088,4610.387,-770.073
74.700,204592.394,234786.266,257747.262,674108.079,9525.536,-65.812,4532.700,-780.937
74.800,204201.464,234358.709,257169.581,672883.077,8833.305,23.650,4459.604,-788.450
74.900,203814.726,233927.990,256608.068,671647.276,8082.401,127.190,4391.226,-792.552
75.000,203432.164,233494.262,256062.185,670400.672,7279.505,243.595,4327.654,-793.209
75.100,203053.758,233057.677,255531.402,669143.257,6431.672,371.555,4268.936,-790.421
75.200,202679.489,232618.387,255015.194,667875.026,5546.276,509.677,4215.080,-784.215
75.300,202309.332,232176.541,254513.044,666595.973,4630.940,656.498,4166.058,-774.647
75.400,201943.265,231732.290,254024.444,665306.090,3693.482,810.496,4121.800,-761.802
75.500,201581.261,231285.784,253548.891,664005.372,2741.841,970.101,4082.201,-745.793
75.600,201223.291,230837.169,253085.890,662693.814,1784.014,1133.711,4047.119,-726.757
75.700,200869.327,230386.594,252634.954,661371.408,827.992,1299.706,4016.378,-704.857
75.800,200519.337,229934.204,252195.606,660038.148,-118.312,1466.458,3989.768,-680.280
75.900,200173.290,229480.142,251767.374,658694.029,-1047.125,1632.350,3967.050,-653.234
76.000,199831.150,229024.553,251349.796,657339.044,-1950.888,1795.783,3947.956,-623.946
76.100,199492.884,228567.578,250942.417,655973.187,-2822.319,1955.195,3932.192,-592.660
76.200,199158.454,228109.357,250544.792,654596.452,-3654.478,2109.070,3919.441,-559.638
76.300,198827.822,227650.027,250156.482,653208.832,-4440.820,2255.951,3909.366,-525.151
76.400,198500.951,227189.726,249777.060,651810.323,-5175.252,2394.455,3901.614,-489.484
76.500,198177.799,226728.589,249406.104,650400.916,-5852.187,2523.282,3895.817,-452.929
76.600,197858.326,226266.747,249043.204,648980.608,-6466.583,2641.225,3891.593,-415.782
76.700,197542.490,225804.332,248687.956,647549.390,-7013.989,2747.181,3888.556,-378.344
76.800,197230.249,225341.473,248339.967,646107.258,-7490.574,2840.160,3886.313,-340.915
76.900,196921.557,224878.297,247998.851,644654.205,-7893.154,2919.292,3884.473,-303.794
77.000,196616.372,224414.928,247664.231,643190.224,-8219.209,2983.834,3882.644,-267.275
77.100,196314.646,223951.489,247335.741,641715.311,-8466.897,3033.175,3880.443,-231.644
77.200,196016.336,223488.100,247013.021,640229.459,-8635.063,3066.839,3877.494,-197.179
77.300,195721.394,223024.879,246695.721,638732.661,-8723.238,3084.488,3873.435,-164.145
77.400,195429.772,222561.942,246383.502,637224.912,-8731.630,3085.926,3867.919,-132.795
77.500,195141.424,222099.402,246076.030,635706.206,-8661.119,3071.095,3860.616,-103.365
77.600,194856.301,221637.371,245772.984,634176.537,-8513.236,3040.076,3851.219,-76.073
77.700,194574.354,221175.956,245474.047,632635.898,-8290.141,2993.088,3839.441,-51.118
77.800,194295.535,220715.264,245178.915,631084.284,-7994.595,2930.486,3825.025,-28.680
77.900,194019.795,220255.398,244887.291,629521.688,-7629.930,2852.751,3807.738,-8.915
78.000,193747.083,219796.460,244598.887,627948.105,-7200.009,2760.492,3787.377,8.045
78.100,193477.350,219338.549,244313.424,626363.529,-6709.188,2654.433,3763.774,22.091
78.200,193210.546,218881.760,244030.630,624767.953,-6162.274,2535.410,3736.788,33.138
78.300,192946.621,218426.187,243750.244,623161.372,-5564.485,2404.361,3706.317,41.131
78.400,192685.526,217971.922,243472.012,621543.782,-4921.410,2262.316,3672.290,46.038
78.500,192427.208,217519.052,243195.689,619915.186,-4238.966,2110.395,3634.670,47.864
78.600,192171.619,217067.664,242921.037,618275.596,-3523.345,1949.792,3593.458,46.646
78.700,191918.708,216617.840,242647.829,616625.030,-2780.966,1781.766,3548.683,42.455
78.800,191668.424,216169.663,242375.843,614963.517,-2018.418,1607.632,3500.414,35.394
78.900,191420.719,215723.209,242104.868,613291.091,-1242.405,1428.747,3448.748,25.598
79.000,191175.541,215278.555,241834.699,611607.795,-459.692,1246.501,3393.814,13.233
79.100,190932.840,214835.774,241565.140,609913.681,322.957,1062.302,3335.774,-1.509
79.200,190692.568,214394.936,241296.003,608208.807,1098.837,877.567,3274.816,-18.408
79.300,190454.675,213956.109,241027.106,606493.240,1861.360,693.707,3211.155,-37.221
79.400,190219.112,213519.359,240758.277,604767.054,2604.112,512.114,3145.032,-57.681
79.500,189985.829,213084.748,240489.350,603030.331,3320.907,334.149,3076.708,-79.505
79.600,189754.779,212652.338,240220.166,601283.160,4005.837,161.132,3006.467,-102.390
79.700,189525.912,212222.185,239950.576,599525.637,4653.324,-5.670,2934.608,-126.024
79.800,189299.183,211794.346,239680.435,597757.866,5258.164,-165.054,2861.447,-150.079
79.900,189074.542,211368.873,239409.606,595979.957,5815.572,-315.891,2787.309,-174.224
80.000,188851.943,210945.816,239137.961,594192.029,6321.223,-457.131,2712.530,-198.120
80.100,188631.339,210525.225,238865.376,592394.204,6771.280,-587.817,2637.454,-221.429
80.200,188412.685,210107.145,238591.735,590586.613,7162.422,-707.087,2562.423,-243.814
80.300,188195.934,209691.619,238316.928,588769.393,7491.868,-814.185,2487.785,-264.941
80.400,187981.042,209278.688,238040.854,586942.687,7757.394,-908.461,2413.881,-284.486
80.500,187767.965,208868.392,237763.414,585106.643,7957.341,-989.381,2341.048,-302.135
80.600,187556.657,208460.766,237484.519,583261.415,8090.625,-1056.523,2269.616,-317.585
80.700,187347.077,208055.845,237204.084,581407.163,8156.737,-1109.588,2199.900,-330.553
80.800,187139.180,207653.660,236922.030,579544.051,8155.739,-1148.394,2132.204,-340.772
80.900,186932.925,207254.242,236638.286,577672.250,8088.255,-1172.880,2066.815,-347.995
81.000,186728.271,206857.619,236352.783,575791.933,7955.458,-1183.104,2004.001,-352.001
81.100,186525.175,206463.816,236065.462,573903.281,7759.052,-1179.240,1944.009,-352.592
81.200,186323.598,206072.856,235776.265,572006.475,7501.251,-1161.579,1887.064,-349.598
81.300,186123.500,205684.762,235485.142,570101.703,7184.749,-1130.521,1833.365,-342.875
81.400,185924.843,205299.551,235192.047,568189.156,6812.694,-1086.570,1783.085,-332.310
81.500,185727.587,204917.243,234896.941,566269.029,6388.652,-1030.335,1736.371,-317.823
81.600,185531.695,204537.852,234599.787,564341.519,5916.579,-962.515,1693.340,-299.361
81.700,185337.130,204161.393,234300.555,562406.829,5400.787,-883.898,1654.079,-276.905
81.800,185143.857,203787.876,233999.218,560465.161,4845.913,-795.351,1618.646,-250.468
81.900,184951.838,203417.313,233695.754,558516.722,4256.881,-697.816,1587.069,-220.094
82.000,184761.040,203049.710,233390.147,556561.722,3638.861,-592.296,1559.345,-185.858
82.100,184571.428,202685.076,233082.383,554600.372,2997.220,-479.855,1535.441,-147.865
82.200,184382.969,202323.414,232772.452,552632.885,2337.485,-361.602,1515.294,-106.252
82.300,184195.630,201964.728,232460.351,550659.477,1665.290,-238.684,1498.812,-61.182
82.400,184009.380,201609.019,232146.077,548680.364,986.330,-112.277,1485.875,-12.845
82.500,183824.186,201256.287,231829.633,546695.764,306.317,16.425,1476.336,38.540
82.600,183640.020,200906.531,231511.026,544705.898,-369.076,146.221,1470.024,92.735
82.700,183456.850,200559.748,231190.264,542710.984,-1034.260,275.911,1466.741,149.478
82.800,183274.647,200215.932,230867.360,540711.246,-1683.781,404.306,1466.270,208.488
82.900,183093.385,199875.079,230542.330,538706.904,-2312.369,530.239,1468.372,269.467
83.000,182913.034,199537.181,230215.194,536698.182,-2914.979,652.575,1472.788,332.103
83.100,182733.569,199202.229,229885.973,534685.302,-3486.832,770.217,1479.245,396.072
83.200,182554.963,198870.213,229554.693,532668.487,-4023.457,882.120,1487.456,461.040
83.300,182377.191,198541.123,229221.380,530647.960,-4520.722,987.292,1497.122,526.669
83.400,182200.228,198214.946,228886.065,528623.944,-4974.873,1084.810,1507.936,592.613
83.500,182024.050,197891.669,228548.781,526596.661,-5382.561,1173.818,1519.586,658.528
83.600,181848.635,197571.277,228209.562,524566.334,-5740.869,1253.542,1531.757,724.071
83.700,181673.960,197253.754,227868.446,522533.183,-6047.330,1323.290,1544.131,788.904
83.800,181500.003,196939.083,227525.473,520497.430,-6299.947,1382.459,1556.397,852.697
83.900,181326.743,196627.248,227180.683,518459.293,-6497.198,1430.537,1568.245,915.129
84.000,181154.160,196318.229,226834.120,516418.993,-6638.049,1467.112,1579.374,975.891
84.100,180982.234,196012.007,226485.829,514376.746,-6721.952,1491.868,1589.493,1034.690
84.200,180810.946,195708.561,226135.857,512332.769,-6748.845,1504.595,1598.324,1091.252
84.300,180640.279,195407.870,225784.252,510287.277,-6719.143,1505.182,1605.603,1145.322
84.400,180470.214,195109.912,225431.065,508240.483,-6633.732,1493.626,1611.082,1196.666
84.500,180300.735,194814.665,225076.347,506192.600,-6493.952,1470.025,1614.534,1245.076
84.600,180131.825,194522.104,224720.151,504143.837,-6301.578,1434.578,1615.750,1290.370
84.700,179963.469,194232.205,224362.529,502094.404,-6058.801,1387.586,1614.544,1332.391
84.800,179795.652,193944.944,224003.539,500044.507,-5768.202,1329.445,1610.755,1371.012
84.900,179628.360,193660.295,223643.235,497994.351,-5432.724,1260.644,1604.243,1406.132
85.000,179461.579,193378.232,223281.674,495944.138,-5055.646,1181.757,1594.897,1437.683
85.100,179295.296,193098.728,222918.915,493894.069,-4640.557,1093.442,1582.632,1465.624
85.200,179129.499,192821.756,222555.016,491844.343,-4191.326,996.432,1567.387,1489.943
85.300,178964.176,192547.289,222190.036,489795.156,-3712.074,891.528,1549.134,1510.659
85.400,178799.315,192275.298,221824.035,487746.701,-3207.135,779.591,1527.867,1527.817
85.500,178634.906,192005.755,221457.074,485699.171,-2681.025,661.539,1503.609,1541.492
85.600,178470.938,191738.631,221089.214,483652.754,-2138.397,538.331,1476.411,1551.785
85.700,178307.403,191473.897,220720.516,481607.637,-1584.007,410.964,1446.348,1558.822
85.800,178144.292,191211.523,220351.041,479564.004,-1022.673,280.463,1413.518,1562.752
85.900,177981.595,190951.480,219980.852,477522.037,-459.230,147.872,1378.047,1563.750
86.000,177819.306,190693.738,219610.009,475481.914,101.509,14.243,1340.080,1562.009
86.100,177657.416,190438.266,219238.576,473443.812,654.796,-119.369,1299.784,1557.740
86.200,177495.919,190185.033,218866.614,471407.904,1195.992,-251.919,1257.346,1551.175
86.300,177334.808,189934.010,218494.186,469374.361,1720.602,-382.377,1212.969,1542.556
86.400,177174.078,189685.165,218121.353,467343.351,2224.314,-509.740,1166.874,1532.142
86.500,177013.722,189438.468,217748.177,465315.040,2703.033,-633.038,1119.294,1520.199
86.600,176853.737,189193.887,217374.720,463289.589,3152.914,-751.341,1070.475,1507.001
86.700,176694.118,188951.391,217001.043,461267.158,3570.393,-863.770,1020.669,1492.828
86.800,176534.860,188710.950,216627.207,459247.904,3952.218,-969.500,970.141,1477.963
86.900,176375.960,188472.533,216253.272,457231.981,4295.477,-1067.767,919.155,1462.689
87.000,176217.414,188236.107,215879.300,455219.540,4597.615,-1157.878,867.982,1447.290
87.100,176059.221,188001.642,215505.349,453210.728,4856.456,-1239.210,816.892,1432.042
87.200,175901.377,187769.107,215131.480,451205.691,5070.217,-1311.218,766.154,1417.219
87.300,175743.880,187538.472,214757.750,449204.572,5237.519,-1373.438,716.030,1403.085
87.400,175586.729,187309.705,214384.217,447207.509,5357.389,-1425.490,666.780,1389.894
87.500,175429.922,187082.775,214010.940,445214.639,5429.268,-1467.079,618.654,1377.888
87.600,175273.459,186857.652,213637.975,443226.095,5453.010,-1498.000,571.891,1367.295
87.700,175117.339,186634.305,213265.378,441242.009,5428.872,-1518.135,526.719,1358.326
87.800,174961.561,186412.705,212893.204,439262.507,5357.512,-1527.455,483.353,1351.175
87.900,174806.126,186192.820,212521.508,437287.714,5239.977,-1526.017,441.991,1346.018
88.000,174651.034,185974.622,212150.344,435317.753,5077.685,-1513.968,402.814,1343.008
88.100,174496.285,185758.080,211779.765,433352.742,4872.409,-1491.540,365.987,1342.279
88.200,174341.881,185543.165,211409.823,431392.798,4626.260,-1459.046,331.654,1343.939
88.300,174187.822,185329.848,211040.568,429438.034,4341.659,-1416.885,299.939,1348.077
88.400,174034.111,185118.100,210672.051,427488.560,4021.319,-1365.529,270.946,1354.755
88.500,173880.748,184907.892,210304.322,425544.484,3668.217,-1305.527,244.756,1364.012
88.600,173727.736,184699.196,209937.429,423605.911,3285.578,-1237.493,221.428,1375.864
88.700,173575.077,184491.984,209571.420,421672.943,2876.841,-1162.103,201.000,1390.300
88.800,173422.773,184286.227,209206.340,419745.679,2445.635,-1080.091,183.487,1407.286
88.900,173270.827,184081.900,208842.235,417824.217,1995.748,-992.238,168.882,1426.767
89.000,173119.242,183878.974,208479.149,415908.649,1531.093,-899.369,157.156,1448.660
89.100,172968.020,183677.423,208117.126,413999.068,1055.679,-802.343,148.260,1472.863
89.200,172817.165,183477.220,207756.208,412095.561,573.572,-702.047,142.121,1499.253
89.300,172666.681,183278.340,207396.437,410198.216,88.862,-599.387,138.651,1527.687
89.400,172516.570,183080.756,207037.852,408307.115,-394.372,-495.282,137.736,1558.004
89.500,172366.836,182884.444,206680.492,406422.339,-872.102,-390.655,139.249,1590.024
89.600,172217.484,182689.379,206324.396,404543.967,-1340.381,-286.425,143.041,1623.555
89.700,172068.517,182495.536,205969.600,402672.074,-1795.381,-183.500,148.949,1658.389
89.800,171919.939,182302.891,205616.140,400806.734,-2233.422,-82.770,156.792,1694.309
89.900,171771.755,182111.420,205264.051,398948.019,-2651.000,14.902,166.377,1731.085
90.000,171623.968,181921.101,204913.366,397095.996,-3044.821,108.684,177.500,1768.483
90.100,171476.583,181731.910,204564.118,395250.732,-3411.819,197.787,189.944,1806.262
90.200,171329.605,181543.825,204216.338,393412.291,-3749.187,281.463,203.485,1844.176
90.300,171183.038,181356.824,203870.056,391580.735,-4054.397,359.018,217.891,1881.981
90.400,171036.887,181170.886,203525.302,389756.124,-4325.219,429.815,232.929,1919.432
90.500,170891.157,180985.988,203182.103,387938.514,-4559.741,493.278,248.359,1956.287
90.600,170745.851,180802.112,202840.487,386127.961,-4756.375,548.896,263.944,1992.309
90.700,170600.976,180619.235,202500.478,384324.518,-4913.875,596.227,279.447,2027.267
90.800,170456.537,180437.339,202162.103,382528.236,-5031.335,634.902,294.633,2060.942
90.900,170312.537,180256.405,201825.384,380739.163,-5108.199,664.625,309.276,2093.121
91.000,170168.982,180076.412,201490.345,378957.348,-5144.255,685.177,323.153,2123.608
91.100,170025.877,179897.344,201157.006,377182.835,-5139.638,696.420,336.054,2152.218
91.200,169883.227,179719.181,200825.388,375415.668,-5094.820,698.291,347.777,2178.783
91.300,169741.038,179541.906,200495.511,373655.886,-5010.601,690.809,358.134,2203.151
91.400,169599.313,179365.502,200167.392,371903.531,-4888.098,674.072,366.949,2225.188
91.500,169458.059,179189.952,199841.050,370158.640,-4728.735,648.255,374.063,2244.781
91.600,169317.279,179015.240,199516.499,368421.248,-4534.219,613.609,379.333,2261.835
91.700,169176.980,178841.350,199193.757,366691.390,-4306.527,570.458,382.633,2276.275
91.800,169037.167,178668.267,198872.836,364969.099,-4047.886,519.197,383.857,2288.048
91.900,168897.843,178495.976,198553.750,363254.406,-3760.755,460.285,382.915,2297.124
92.000,168759.015,178324.461,198236.512,361547.340,-3447.806,394.246,379.742,2303.491
92.100,168620.687,178153.710,197921.132,359847.929,-3111.905,321.659,374.288,2307.162
92.200,168482.864,177983.708,197607.622,358156.199,-2756.083,243.154,366.528,2308.169
92.300,168345.551,177814.442,197295.990,356472.176,-2383.511,159.408,356.457,2306.565
92.400,168208.754,177645.899,196986.245,354795.884,-1997.479,71.140,344.090,2302.425
92.500,168072.475,177478.067,196678.394,353127.344,-1601.360,-20.899,329.463,2295.842
92.600,167736.722,177310.400,196372.445,351466.577,-1398.587,-116.465,312.633,2286.930
92.700,167001.497,177140.220,196068.391,349813.604,-1592.620,-217.423,293.662,2275.819
92.800,165866.920,176964.317,195766.207,348168.442,-2183.558,-326.138,272.616,2262.658
92.900,164333.400,176779.482,195465.849,346531.109,-3165.816,-444.894,249.555,2247.608
93.000,162401.803,176582.512,195167.248,344901.621,-4527.732,-575.868,224.540,2230.847
93.100,160073.569,176370.214,194870.318,343279.993,-6252.295,-721.087,197.626,2212.564
93.200,157350.785,176139.410,194574.952,341666.239,-8318.082,-882.407,168.867,2192.960
93.300,154236.218,175886.939,194281.019,340060.372,-10699.947,-1061.491,138.312,2172.242
93.400,150733.340,175609.669,193988.372,338462.404,-13369.459,-1259.791,106.007,2150.626
93.500,146846.331,175304.497,193696.841,336872.345,-16295.227,-1478.529,71.994,2128.333
93.600,142580.078,174968.356,193406.238,335290.206,-19443.242,-1718.686,36.312,2105.586
93.700,137940.158,174598.222,193116.354,333715.995,-22777.254,-1980.991,-1.005,2082.610
93.800,132932.824,174191.119,192826.960,332149.722,-26259.202,-2265.910,-39.923,2059.631
93.900,127564.967,173744.124,192537.810,330591.393,-29849.639,-2573.643,-80.414,2036.868
94.000,121844.088,173254.370,192248.637,329041.015,-33508.168,-2904.122,-122.454,2014.541
94.100,115778.257,172719.055,191959.158,327498.595,-37193.855,-3257.010,-166.018,1992.860
94.200,109376.069,172135.443,191669.071,325964.136,-40865.638,-3631.707,-211.086,1972.028
94.300,102646.603,171500.868,191378.055,324437.645,-44482.724,-4027.358,-257.640,1952.239
94.400,95599.374,170812.740,191085.776,322919.125,-48004.973,-4442.858,-305.662,1933.677
94.500,88244.290,170068.547,190791.879,321408.579,-51393.273,-4876.865,-355.135,1916.509
94.600,80591.607,169265.857,190495.997,319906.010,-54609.890,-5327.809,-406.046,1900.894
94.700,72651.881,168402.321,190197.744,318411.420,-57618.805,-5793.914,-458.380,1886.972
94.800,64435.927,167475.679,189896.722,316924.811,-60386.027,-6273.206,-512.120,1874.867
94.900,55954.778,166483.754,189592.517,315446.184,-62879.882,-6763.536,-567.253,1864.687
95.000,47219.642,165424.462,189284.702,313975.541,-65071.274,-7262.596,-623.761,1856.522
95.100,38241.862,164295.807,188972.837,312512.880,-66933.918,-7767.943,-681.628,1850.442
95.200,29032.882,163095.887,188656.468,311058.203,-68444.551,-8277.019,-740.834,1846.499
95.300,19604.213,161822.889,188335.131,309611.508,-69583.101,-8787.171,-801.357,1844.725
95.400,9967.396,160475.094,188008.350,308172.796,-70332.836,-9295.679,-863.175,1845.133
95.500,133.973,159050.876,187675.637,306742.064,-70680.475,-9799.775,-926.260,1847.715
95.600,-9884.536,157548.701,187336.494,305319.312,-70616.268,-10296.667,-990.582,1852.445
95.700,-20076.670,155967.127,186990.415,303904.539,-70134.043,-10783.566,-1056.110,1859.278
95.800,-30431.040,154304.803,186636.884,302497.741,-69231.226,-11257.704,-1122.806,1868.150
95.900,-40936.359,152560.470,186275.375,301098.918,-67908.820,-11716.361,-1190.630,1878.981
96.000,-51581.460,150732.959,185905.358,299708.067,-66171.360,-12156.887,-1259.539,1891.671
96.100,-62355.312,148821.189,185526.291,298325.186,-64026.864,-12576.720,-1329.485,1906.108
96.200,-73247.040,146824.168,185137.629,296950.272,-61486.750,-12973.411,-1400.415,1922.163
96.300,-84245.939,144740.989,184738.819,295583.322,-58565.758,-13344.640,-1472.274,1939.692
96.400,-95341.486,142570.831,184329.303,294224.334,-55281.843,-13688.234,-1545.001,1958.541
96.500,-106523.352,140312.958,183908.517,292873.304,-51656.031,-14002.191,-1618.533,1978.543
96.600,-117781.414,137966.713,183475.894,291530.231,-47712.246,-14284.692,-1692.803,1999.523
96.700,-129105.762,135531.521,183030.862,290195.111,-43477.107,-14534.119,-1767.738,2021.297
96.800,-140486.710,133006.885,182572.845,288867.942,-38979.694,-14749.069,-1843.263,2043.676
96.900,-151914.796,130392.387,182101.264,287548.719,-34251.304,-14928.363,-1919.302,2066.465
97.000,-163380.795,127687.679,181615.540,286237.441,-29325.178,-15071.058,-1995.773,2089.467
97.100,-174875.720,124892.492,181115.089,284934.104,-24236.216,-15176.450,-2072.593,2112.484
97.200,-186390.824,122006.622,180599.326,283638.706,-19020.682,-15244.083,-2149.677,2135.317
97.300,-197917.607,119029.940,180067.666,282351.244,-13715.893,-15273.752,-2226.940,2157.771
97.400,-209447.815,115962.379,179519.523,281071.715,-8359.899,-15265.501,-2304.295,2179.654
97.500,-220973.441,112803.940,178954.308,279800.117,-2991.164,-15219.627,-2381.657,2200.779
97.600,-232486.727,109554.687,178371.437,278536.447,2351.762,-15136.678,-2458.942,2220.967
97.700,-243980.166,106214.745,177770.323,277280.703,7630.567,-15017.447,-2536.066,2240.046
97.800,-255446.497,102784.297,177150.380,276032.882,12807.514,-14862.971,-2612.947,2257.856
97.900,-266878.707,99263.585,176511.025,274792.982,17845.782,-14674.526,-2689.507,2274.245
98.000,-278270.031,95652.904,175851.676,273561.002,22709.813,-14453.614,-2765.667,2289.077
98.100,-289613.946,91952.605,175171.753,272336.940,27365.643,-14201.958,-2841.353,2302.226
98.200,-300904.174,88163.088,174470.678,271120.794,31781.208,-13921.482,-2916.494,2313.583
98.300,-312134.676,84284.803,173747.875,269912.563,35926.620,-13614.301,-2991.021,2323.053
98.400,-323299.651,80318.249,173002.772,268712.245,39774.408,-13282.699,-3064.870,2330.556
98.500,-334393.534,76263.967,172234.801,267519.839,43299.737,-12929.113,-3137.978,2336.030
98.600,-345410.992,72122.545,171443.396,266335.346,46480.592,-12556.117,-3210.290,2339.430
98.700,-356346.919,67894.611,170627.995,265158.764,49297.933,-12166.394,-3281.751,2340.728
98.800,-367196.436,63580.834,169788.042,263990.092,51735.828,-11762.720,-3352.313,2339.911
98.900,-377954.887,59181.921,168922.983,262829.332,53781.546,-11347.943,-3421.929,2336.987
99.000,-388617.832,54698.615,168032.270,261676.482,55425.628,-10924.956,-3490.558,2331.981
99.100,-399181.048,50131.694,167115.359,260531.543,56661.921,-10496.673,-3558.165,2324.933
99.200,-409640.524,45481.969,166171.711,259394.517,57487.591,-10066.015,-3624.715,2315.900
99.300,-419992.453,40750.282,165200.794,258265.404,57903.096,-9635.875,-3690.180,2304.957
99.400,-430233.235,35937.504,164202.079,257144.204,57912.141,-9209.105,-3754.535,2292.193
99.500,-440359.467,31044.536,163175.045,256030.920,57521.599,-8788.487,-3817.759,2277.712
99.600,-450367.944,26072.304,162119.174,254925.554,56741.409,-8376.717,-3879.836,2261.632
99.700,-460255.650,21021.759,161033.957,253828.106,55584.451,-7976.380,-3940.752,2244.081
99.800,-470019.760,15893.876,159918.889,252738.581,54066.389,-7589.933,-4000.497,2225.202
99.900,-479657.631,10689.651,158773.472,251656.979,52205.508,-7219.685,-4059.065,2205.144
100.000,-489166.799,5410.102,157597.214,250583.304,50022.516,-6867.779,-4116.452,2184.068
100.100,-498544.977,56.264,156389.632,249517.559,47540.353,-6536.180,-4172.657,2162.140
100.200,-507790.052,-5370.808,155150.245,248459.748,44783.996,-6226.656,-4227.682,2139.532
100.300,-516900.074,-10870.047,153878.583,247409.874,41780.265,-5940.771,-4281.532,2116.420
100.400,-525873.261,-16440.365,152574.182,246367.941,38557.618,-5679.868,-4334.214,2092.983
100.500,-534707.990,-22080.666,151236.583,245333.953,35145.933,-5445.066,-4385.735,2069.400
100.600,-543402.793,-27789.838,149865.335,244307.915,31576.269,-5237.249,-4436.106,2045.853
100.700,-551956.357,-33566.760,148459.996,243289.833,27880.615,-5057.064,-4485.339,2022.517
100.800,-560367.514,-39410.299,147020.130,242279.710,24091.626,-4904.917,-4533.444,1999.567
100.900,-568635.243,-45319.315,145545.306,241277.552,20242.358,-4780.970,-4580.437,1977.173
101.000,-576758.663,-51292.661,144035.104,240283.366,16365.999,-4685.147,-4626.330,1955.496
101.100,-584737.031,-57329.180,142489.109,239297.157,12495.601,-4617.131,-4671.140,1934.693
101.200,-592569.735,-63427.715,140906.914,238318.931,8663.810,-4576.377,-4714.884,1914.910
101.300,-600256.295,-69587.099,139288.120,237348.696,4902.604,-4562.109,-4757.581,1896.284
101.400,-607796.356,-75806.165,137632.335,236386.457,1243.038,-4573.337,-4799.253,1878.939
101.500,-615189.684,-82083.744,135939.175,235432.222,-2285.006,-4608.865,-4839.921,1862.988
101.600,-622436.165,-88418.664,134208.262,234485.999,-5653.056,-4667.299,-4879.609,1848.533
101.700,-629535.801,-94809.753,132439.227,233547.794,-8834.271,-4747.067,-4918.344,1835.659
101.800,-636488.702,-101255.839,130631.709,232617.617,-11803.675,-4846.428,-4956.153,1824.439
101.900,-643295.090,-107755.754,128785.352,231695.475,-14538.380,-4963.492,-4993.063,1814.930
102.000,-649955.289,-114308.328,126899.810,230781.377,-17017.785,-5096.238,-5029.104,1807.174
102.100,-656469.724,-120912.398,124974.744,229875.331,-19223.740,-5242.529,-5064.306,1801.197
102.200,-662838.919,-127566.802,123009.821,228977.347,-21140.689,-5400.136,-5098.701,1797.010
102.300,-669063.492,-134270.384,121004.717,228087.434,-22755.769,-5566.756,-5132.321,1794.607
102.400,-675144.150,-141021.993,118959.115,227205.601,-24058.888,-5740.030,-5165.196,1793.968
102.500,-681081.690,-147820.484,116872.705,226331.858,-25042.782,-5917.567,-5197.361,1795.055
102.600,-686876.993,-154664.719,114745.185,225466.215,-25703.036,-6096.962,-5228.846,1797.818
102.700,-692531.020,-161553.567,112576.259,224608.682,-26038.083,-6275.820,-5259.684,1802.191
102.800,-698044.811,-168485.906,110365.640,223759.270,-26049.182,-6451.775,-5289.907,1808.096
102.900,-703419.480,-175460.620,108113.047,222917.990,-25740.359,-6622.507,-5319.545,1815.441
103.000,-708656.214,-182476.606,105818.207,222084.852,-25118.343,-6785.767,-5348.630,1824.122
103.100,-713756.267,-189532.769,103480.852,221259.867,-24192.456,-6939.390,-5377.189,1834.025
103.200,-718720.960,-196628.023,101100.725,220443.048,-22974.507,-7081.319,-5405.251,1845.026
103.300,-723551.676,-203761.294,98677.571,219634.404,-21478.642,-7209.615,-5432.843,1856.991
103.400,-728249.859,-210931.521,96211.145,218833.949,-19721.199,-7322.478,-5459.991,1869.780
103.500,-732817.008,-218137.653,93701.209,218041.694,-17720.523,-7418.261,-5486.717,1883.246
103.600,-737254.676,-225378.650,91147.530,217257.652,-15496.804,-7495.480,-5513.044,1897.235
103.700,-741564.471,-232653.488,88549.883,216481.834,-13071.894,-7552.826,-5538.991,1911.592
103.800,-745748.044,-239961.153,85908.048,215714.254,-10469.136,-7589.178,-5564.577,1926.159
103.900,-749807.095,-247300.647,83221.814,214954.923,-7713.167,-7603.609,-5589.819,1940.775
104.000,-753743.368,-254670.983,80490.975,214203.856,-4829.710,-7595.390,-5614.729,1955.283
104.100,-757558.644,-262071.192,77715.330,213461.064,-1845.354,-7563.999,-5639.321,1969.524
104.200,-761254.745,-269500.315,74894.685,212726.561,1212.672,-7509.124,-5663.603,1983.344
104.300,-764833.526,-276957.410,72028.854,212000.361,4316.735,-7430.663,-5687.584,1996.594
104.400,-768296.877,-284441.551,69117.656,211282.477,7439.024,-7328.723,-5711.270,2009.128
104.500,-771646.718,-291951.826,66160.913,210572.919,10551.812,-7203.620,-5734.663,2020.806
104.600,-774884.995,-299487.339,63158.458,209871.689,13627.712,-7055.876,-5757.765,2031.487
104.700,-778013.682,-307047.208,60110.125,209178.784,16639.939,-6886.208,-5780.576,2041.031
104.800,-781034.776,-314630.570,57015.757,208494.190,19562.542,-6695.526,-5803.093,2049.301
104.900,-783950.294,-322236.575,53875.201,207817.886,22370.632,-6484.921,-5825.312,2056.163
105.000,-786762.273,-329864.392,50688.308,207149.843,25040.586,-6255.655,-5847.228,2061.488
105.100,-789472.766,-337512.671,47454.938,206490.026,27550.234,-6008.613,-5868.832,2065.151
105.200,-792083.843,-345177.946,44174.954,205838.391,29879.037,-5742.694,-5890.116,2067.036
105.300,-794597.583,-352856.235,40848.223,205194.885,32008.242,-5456.420,-5911.070,2067.035
105.400,-797016.078,-360543.575,37474.619,204559.449,33921.016,-5148.497,-5931.683,2065.047
105.500,-799341.428,-368236.023,34054.019,203932.017,35602.571,-4817.842,-5951.941,2060.984
105.600,-801575.741,-375929.664,30586.308,203312.514,37040.256,-4463.611,-5971.833,2054.767
105.700,-803721.129,-383620.614,27071.372,202700.858,38223.637,-4085.208,-5991.344,2046.330
105.800,-805779.706,-391305.024,23509.103,202096.961,39144.557,-3682.300,-6010.461,2035.616
105.900,-807753.589,-398979.088,19899.398,201500.728,39797.167,-3254.823,-6029.172,2022.586
106.000,-809644.895,-406639.048,16242.159,200912.054,40177.946,-2802.984,-6047.465,2007.211
106.100,-811455.737,-414281.196,12537.290,200330.832,40285.698,-2327.263,-6065.328,1989.479
106.200,-813188.227,-421901.887,8784.700,199756.945,40121.523,-1828.415,-6082.751,1969.389
106.300,-814844.469,-429497.538,4984.303,199190.271,39688.777,-1307.462,-6099.723,1946.956
106.400,-816426.564,-437064.635,1136.017,198630.682,38993.008,-765.686,-6116.234,1922.210
106.500,-817936.601,-444599.740,-2760.239,198078.044,38041.879,-204.620,-6132.277,1895.193
106.600,-819376.662,-452099.491,-6704.539,197532.216,36845.067,373.966,-6147.842,1865.961
106.700,-820748.818,-459560.614,-10696.954,196993.053,35414.152,968.086,-6162.923,1834.586
106.800,-822055.126,-466979.917,-14737.543,196460.404,33762.502,1575.554,-6177.503,1801.150
106.900,-823297.632,-474354.302,-18826.328,195934.113,31905.141,2194.002,-6191.535,1765.748
107.000,-824478.366,-481680.765,-22963.286,195414.020,29858.636,2820.905,-6204.933,1728.487
107.100,-825599.341,-488956.397,-27148.354,194899.959,27640.966,3453.598,-6217.571,1689.485
107.200,-826662.556,-496178.390,-31381.424,194391.760,25271.380,4089.305,-6229.291,1648.870
107.300,-827669.989,-503344.036,-35662.344,193889.249,22770.239,4725.163,-6239.898,1606.779
107.400,-828623.601,-510450.731,-39990.923,193392.248,20158.844,5358.252,-6249.167,1563.356
107.500,-829525.332,-517495.976,-44366.924,192900.576,17459.258,5985.620,-6256.842,1518.755
107.600,-830377.101,-524477.376,-48790.072,192414.046,14694.120,6604.313,-6262.644,1473.133
107.700,-831180.805,-531392.645,-53260.049,191932.470,11886.453,7211.392,-6266.269,1426.652
107.800,-831938.319,-538239.601,-57776.496,191455.657,9059.474,7803.967,-6267.395,1379.480
107.900,-832651.493,-545016.172,-62339.014,190983.412,6236.397,8379.214,-6265.685,1331.784
108.000,-833322.154,-551720.390,-66947.165,190515.538,3440.245,8934.404,-6260.788,1283.735
108.100,-833952.103,-558350.396,-71600.474,190051.836,693.656,9466.917,-6252.348,1235.501
108.200,-834543.116,-564904.436,-76298.425,189592.103,-1981.302,9974.270,-6240.005,1187.252
108.300,-835096.942,-571380.863,-81040.468,189136.135,-4563.314,10454.133,-6223.399,1139.152
108.400,-835615.303,-577778.132,-85826.016,188683.728,-7031.996,10904.344,-6202.174,1091.363
108.500,-836099.894,-584094.805,-90654.446,188234.674,-9368.078,11322.930,-6175.985,1044.041
108.600,-836552.381,-590329.544,-95525.103,187788.765,-11553.573,11708.117,-6144.498,997.338
108.700,-836974.402,-596481.111,-100437.297,187345.790,-13571.942,12058.345,-6107.397,951.396
108.800,-837367.565,-602548.369,-105390.309,186905.539,-15408.228,12372.276,-6064.386,906.351
108.900,-837733.451,-608530.279,-110383.385,186467.800,-17049.182,12648.802,-6015.195,862.326
109.000,-838073.608,-614425.896,-115415.747,186032.361,-18483.357,12887.056,-5959.582,819.437
109.100,-838389.555,-620234.370,-120486.583,185599.010,-19701.193,13086.409,-5897.334,777.786
109.200,-838682.782,-625954.945,-125595.058,185167.532,-20695.072,13246.479,-5828.270,737.462
109.300,-838954.746,-631586.952,-130740.309,184737.715,-21459.365,13367.126,-5752.248,698.545
109.400,-839206.874,-637129.812,-135921.450,184309.345,-21990.453,13448.455,-5669.160,661.098
109.500,-839440.561,-642583.031,-141137.569,183882.209,-22286.732,13490.808,-5578.938,625.173
109.600,-839657.172,-647946.201,-146387.733,183456.095,-22348.600,13494.759,-5481.557,590.808
109.700,-839858.039,-653218.994,-151670.988,183030.790,-22178.429,13461.114,-5377.030,558.025
109.800,-840044.463,-658401.161,-156986.361,182606.083,-21780.512,13390.903,-5265.415,526.836
109.900,-840217.714,-663492.532,-162332.859,182181.761,-21161.005,13285.376,-5146.811,497.237
110.000,-840379.027,-668493.010,-167709.472,181757.615,-20327.845,13145.990,-5021.360,469.213
110.100,-840529.609,-673402.573,-173115.173,181333.436,-19290.655,12974.400,-4889.247,442.735
110.200,-840670.633,-678221.268,-178548.921,180909.016,-18060.645,12772.448,-4750.697,417.763
110.300,-840803.240,-682949.212,-184009.662,180484.147,-16650.484,12542.148,-4605.976,394.245
110.400,-840928.541,-687586.586,-189496.327,180058.624,-15074.189,12285.680,-4455.387,372.117
110.500,-841047.612,-692133.636,-195007.836,179632.243,-13347.001,12005.371,-4299.272,351.309
110.600,-841161.501,-696590.669,-200543.101,179204.801,-11485.267,11703.677,-4138.006,331.737
110.700,-841271.222,-700958.054,-206101.020,178776.097,-9506.305,11383.168,-3971.996,313.312
110.800,-841377.758,-705236.213,-211680.488,178345.932,-7428.260,11046.506,-3801.678,295.939
110.900,-841482.062,-709425.627,-217280.388,177914.108,-5269.954,10696.425,-3627.516,279.512
111.000,-841585.053,-713526.827,-222899.599,177480.429,-3050.722,10335.712,-3449.995,263.926
111.100,-841687.623,-717540.398,-228536.996,177044.702,-790.254,9967.183,-3269.622,249.067
111.200,-841790.630,-721466.970,-234191.448,176606.735,1491.573,9593.664,-3086.917,234.822
111.300,-841894.903,-725307.222,-239861.820,176166.338,3774.860,9217.968,-2902.415,221.074
111.400,-842001.242,-729061.878,-245546.976,175723.325,6039.852,8842.872,-2716.659,207.706
111.500,-842110.415,-732731.703,-251245.779,175277.510,8267.114,8471.100,-2530.196,194.601
111.600,-842223.161,-736317.504,-256957.091,174828.711,10437.716,8105.298,-2343.573,181.646
111.700,-842340.190,-739820.127,-262679.772,174376.746,12533.405,7748.018,-2157.336,168.727
111.800,-842462.183,-743240.453,-268412.686,173921.438,14536.767,7401.695,-1972.023,155.736
111.900,-842589.793,-746579.400,-274154.698,173462.612,16431.373,7068.631,-1788.159,142.569
112.000,-842723.643,-749837.918,-279904.675,173000.094,18201.909,6750.980,-1606.257,129.127
112.100,-842864.330,-753016.989,-285661.489,172533.714,19834.298,6450.729,-1426.810,115.315
112.200,-843012.421,-756117.623,-291424.013,172063.304,21315.803,6169.685,-1250.292,101.048
112.300,-843168.458,-759140.860,-297191.129,171588.699,22635.123,5909.463,-1077.147,86.243
112.400,-843332.956,-762087.764,-302961.721,171109.736,23782.469,5671.476,-907.796,70.830
112.500,-843506.402,-764959.426,-308734.680,170626.255,24749.624,5456.924,-742.626,54.743
112.600,-843689.259,-767756.956,-314508.905,170138.100,25529.999,5266.787,-581.991,37.927
112.700,-843881.963,-770481.489,-320283.301,169645.115,26118.659,5101.820,-426.210,20.335
112.800,-844084.925,-773134.179,-326056.781,169147.149,26512.344,4962.551,-275.562,1.929
112.900,-844298.533,-775716.195,-331828.267,168644.053,26709.472,4849.274,-130.287,-17.318
113.000,-844523.148,-778228.726,-337596.690,168135.682,26710.127,4762.057,9.419,-37.425
113.100,-844759.109,-780672.974,-343360.989,167621.891,26516.035,4700.736,143.404,-58.400
113.200,-845006.732,-783050.158,-349120.114,167102.540,26130.525,4664.925,271.560,-80.243
113.300,-845266.309,-785361.505,-354873.027,166577.493,25558.473,4654.019,393.826,-102.941
113.400,-845538.109,-787608.256,-360618.698,166046.613,24806.243,4667.203,510.186,-126.476
113.500,-845822.382,-789791.660,-366356.108,165509.769,23881.605,4703.457,620.666,-150.817
113.600,-846119.353,-791912.976,-372084.253,164966.832,22793.652,4761.573,725.339,-175.925
113.700,-846429.228,-793973.469,-377802.138,164417.675,21552.701,4840.161,824.319,-201.755
113.800,-846752.193,-795974.411,-383508.780,163862.176,20170.208,4937.666,917.760,-228.250
113.900,-847088.413,-797917.077,-389203.211,163300.213,18658.684,5052.381,1005.855,-255.349
114.000,-847438.032,-799802.747,-394884.473,162731.669,17031.595,5182.468,1088.832,-282.982
114.100,-847801.179,-801632.703,-400551.625,162156.429,15303.255,5325.971,1166.955,-311.073
114.200,-848177.961,-803408.228,-406203.734,161574.380,13488.706,5480.835,1240.517,-339.542
114.300,-848568.468,-805130.607,-411839.886,160985.413,11603.586,5644.924,1309.840,-368.301
114.400,-848972.773,-806801.122,-417459.177,160389.422,9664.001,5816.039,1375.273,-397.262
114.500,-849390.930,-808421.055,-423060.720,159786.303,7686.388,5991.942,1437.185,-426.330
114.600,-849822.980,-809991.685,-428643.641,159175.954,5687.379,6170.372,1495.963,-455.410
114.700,-850268.944,-811514.287,-434207.079,158558.277,3683.657,6349.064,1552.009,-484.406
114.800,-850728.829,-812990.132,-439750.190,157933.176,1691.823,6525.772,1605.735,-513.218
114.900,-851202.629,-814420.485,-445272.144,157300.559,-271.742,6698.287,1657.561,-541.749
115.000,-851690.320,-815806.606,-450772.126,156660.335,-2191.018,6864.454,1707.907,-569.902
115.100,-852191.865,-817149.748,-456249.334,156012.416,-4050.477,7022.192,1757.194,-597.582
115.200,-852707.215,-818451.155,-461702.984,155356.717,-5835.225,7169.509,1805.835,-624.697
115.300,-853236.305,-819712.063,-467132.305,154693.155,-7531.134,7304.525,1854.236,-651.157
115.400,-853779.059,-820933.700,-472536.542,154021.650,-9124.970,7425.478,1902.789,-676.878
115.500,-854335.389,-822117.282,-477914.957,153342.125,-10604.509,7530.746,1951.871,-701.780
115.600,-854905.195,-823264.017,-483266.824,152654.505,-11958.637,7618.857,2001.837,-725.788
115.700,-855488.363,-824375.100,-488591.434,151958.716,-13177.434,7688.501,2053.022,-748.833
115.800,-856084.773,-825451.715,-493888.093,151254.690,-14252.250,7738.539,2105.733,-770.855
115.900,-856694.291,-826495.034,-499156.124,150542.357,-15175.763,7768.012,2160.253,-791.798
116.000,-857316.774,-827506.214,-504394.863,149821.652,-15942.027,7776.148,2216.833,-811.616
116.100,-857952.069,-828486.402,-509603.662,149092.513,-16546.502,7762.367,2275.697,-830.269
116.200,-858600.015,-829436.728,-514781.888,148354.878,-16986.080,7726.287,2337.033,-847.728
116.300,-859260.442,-830358.310,-519928.925,147608.689,-17259.089,7667.723,2400.998,-863.969
116.400,-859933.170,-831252.249,-525044.169,146853.888,-17365.285,7586.692,2467.715,-878.980
116.500,-860618.014,-832119.633,-530127.035,146090.423,-17305.841,7483.408,2537.270,-892.755
116.600,-861314.780,-832961.533,-535176.949,145318.240,-17083.307,7358.283,2609.715,-905.299
116.700,-862023.267,-833779.005,-540193.355,144537.290,-16701.578,7211.917,2685.066,-916.625
116.800,-862743.267,-834573.087,-545175.710,143747.524,-16165.835,7045.095,2763.305,-926.753
116.900,-863474.568,-835344.801,-550123.487,142948.897,-15482.484,6858.778,2844.378,-935.712
117.000,-864216.948,-836095.153,-555036.172,142141.364,-14659.084,6654.090,2928.198,-943.541
117.100,-864970.184,-836825.131,-559913.267,141324.883,-13704.263,6432.315,3014.643,-950.285
117.200,-865734.045,-837535.706,-564754.288,140499.414,-12627.632,6194.877,3103.564,-955.995
117.300,-866508.296,-838227.830,-569558.766,139664.919,-11439.692,5943.331,3194.777,-960.731
117.400,-867292.699,-838902.439,-574326.243,138821.360,-10151.752,5679.350,3288.073,-964.559
117.500,-868087.010,-839560.449,-579056.279,137968.704,-8775.834,5404.707,3383.217,-967.549
117.600,-868890.983,-840202.759,-583748.444,137106.916,-7324.584,5121.260,3479.947,-969.778
117.700,-869704.366,-840830.248,-588402.326,136235.966,-5811.167,4830.936,3577.984,-971.327
117.800,-870526.908,-841443.777,-593017.522,135355.824,-4249.153,4535.715,3677.026,-972.280
117.900,-871358.351,-842044.191,-597593.646,134466.461,-2652.407,4237.612,3776.759,-972.726
118.000,-872198.439,-842632.312,-602130.321,133567.851,-1034.971,3938.658,3876.851,-972.755
118.100,-873046.910,-843208.945,-606627.188,132659.968,589.052,3640.888,3976.963,-972.460
118.200,-873903.502,-843774.876,-611083.896,131742.790,2205.617,3346.316,4076.747,-971.933
118.300,-874767.953,-844330.872,-615500.110,130816.293,3800.853,3056.924,4175.851,-971.268
118.400,-875639.997,-844877.681,-619875.506,129880.458,5361.193,2774.643,4273.920,-970.556
118.500,-876519.368,-845416.032,-624209.771,128935.263,6873.488,2501.338,4370.603,-969.889
118.600,-877405.801,-845946.634,-628502.606,127980.693,8325.135,2238.790,4465.551,-969.356
118.700,-878299.028,-846470.179,-632753.724,127016.728,9704.182,1988.685,4558.426,-969.041
118.800,-879198.783,-846987.338,-636962.846,126043.354,10999.430,1752.599,4648.900,-969.027
118.900,-880104.800,-847498.763,-641129.709,125060.557,12200.523,1531.984,4736.659,-969.390
119.000,-881016.810,-848005.090,-645254.058,124068.323,13298.031,1328.157,4821.407,-970.204
119.100,-881934.550,-848506.932,-649335.650,123066.639,14283.515,1142.292,4902.868,-971.536
119.200,-882857.754,-849004.886,-653374.253,122055.495,15149.590,975.406,4980.785,-973.446
119.300,-883786.157,-849499.530,-657369.645,121034.881,15889.974,828.358,5054.928,-975.990
119.400,-884719.498,-849991.423,-661321.613,120004.787,16499.527,701.836,5125.092,-979.214
119.500,-885657.515,-850481.107,-665229.958,118965.205,16974.280,596.355,5191.100,-983.159
119.600,-886599.948,-850969.102,-669094.486,117916.129,17311.453,512.253,5252.805,-987.859
119.700,-887546.539,-851455.915,-672915.015,116857.551,17509.457,449.686,5310.089,-993.337
119.800,-888497.032,-851942.030,-676691.374,115789.467,17567.897,408.634,5362.866,-999.611
119.900,-889451.174,-852427.918,-680423.397,114711.871,17487.552,388.894,5411.082,-1006.691
120.000,-890408.714,-852914.029,-684110.931,113624.760,17270.357,390.092,5454.715,-1014.578
120.100,-891369.401,-853400.796,-687753.829,112528.131,16919.363,411.681,5493.775,-1023.263
120.200,-892332.990,-853888.637,-691351.954,111421.981,16438.699,452.951,5528.305,-1032.734
120.300,-893299.238,-854377.949,-694905.177,110306.309,15833.520,513.034,5558.377,-1042.967
120.400,-894267.903,-854869.117,-698413.376,109181.113,15109.946,590.914,5584.097,-1053.933
120.500,-895238.748,-855362.505,-701876.438,108046.394,14274.998,685.438,5605.598,-1065.596
120.600,-896211.539,-855858.463,-705294.257,106902.150,13336.528,795.323,5623.044,-1077.914
120.700,-897186.044,-856357.325,-708666.735,105748.383,12303.151,919.175,5636.623,-1090.837
120.800,-898162.036,-856859.407,-711993.779,104585.094,11184.187,1055.495,5646.553,-1104.311
120.900,-899139.290,-857365.011,-715275.308,103412.284,9989.581,1202.693,5653.069,-1118.278
121.000,-900117.585,-857874.424,-718511.258,102229.956,8729.822,1359.107,5656.422,-1132.674
121.100,-901096.706,-858387.917,-721701.589,101038.113,7415.859,1523.010,5656.859,-1147.430
121.200,-902076.437,-858905.745,-724846.291,99836.756,6059.006,1692.632,5654.626,-1162.477
121.300,-903056.571,-859428.151,-727945.377,98625.890,4670.845,1866.169,5649.965,-1177.740
121.400,-904036.901,-859955.360,-730998.887,97405.518,3263.133,2041.807,5643.111,-1193.145
121.500,-905017.226,-860487.586,-734006.888,96175.643,1847.699,2217.732,5634.292,-1208.614
121.600,-905997.348,-861025.028,-736969.469,94936.272,436.350,2392.147,5623.724,-1224.069
121.700,-906977.076,-861567.871,-739886.747,93687.406,-959.229,2563.287,5611.615,-1239.434
121.800,-907956.218,-862116.287,-742758.860,92429.053,-2327.572,2729.437,5598.159,-1254.630
121.900,-908934.591,-862670.436,-745585.974,91161.216,-3657.528,2888.939,5583.536,-1269.583
122.000,-909912.014,-863230.463,-748368.275,89883.901,-4938.363,3040.211,5567.913,-1284.217
122.100,-910888.310,-863796.502,-751105.974,88597.112,-6159.856,3181.757,5551.443,-1298.461
122.200,-911863.308,-864368.675,-753799.304,87300.857,-7312.386,3312.179,5534.262,-1312.247
122.300,-912836.839,-864947.092,-756448.520,85995.139,-8387.024,3430.186,5516.491,-1325.509
122.400,-913808.742,-865531.851,-759053.900,84679.965,-9375.598,3534.606,5498.236,-1338.186
122.500,-914778.856,-866123.038,-761615.741,83355.341,-10270.764,3624.393,5479.585,-1350.221
122.600,-915747.028,-866720.730,-764134.360,82021.272,-11066.055,3698.633,5460.610,-1361.563
122.700,-916713.107,-867324.991,-766610.095,80677.765,-11755.928,3756.555,5441.364,-1372.164
122.800,-917676.948,-867935.876,-769043.303,79324.825,-12335.803,3797.532,5421.887,-1381.984
122.900,-918638.411,-868553.430,-771434.359,77962.459,-12802.084,3821.086,5402.199,-1390.988
123.000,-919597.357,-869177.686,-773783.654,76590.671,-13152.183,3826.893,5382.308,-1399.146
123.100,-920553.656,-869808.671,-776091.599,75209.468,-13384.526,3814.780,5362.204,-1406.435
123.200,-921507.179,-870446.400,-778358.619,73818.857,-13498.549,3784.727,5341.864,-1412.840
123.300,-922457.802,-871090.879,-780585.154,72418.842,-13494.694,3736.865,5321.252,-1418.349
123.400,-923405.408,-871742.107,-782771.662,71009.430,-13374.389,3671.477,5300.319,-1422.959
123.500,-924349.881,-872400.074,-784918.611,69590.625,-13140.017,3588.988,5279.003,-1426.672
123.600,-925291.111,-873064.760,-787026.486,68162.434,-12794.890,3489.964,5257.235,-1429.500
123.700,-926228.992,-873736.139,-789095.782,66724.862,-12343.198,3375.106,5234.935,-1431.456
123.800,-927163.423,-874414.178,-791127.007,65277.915,-11789.970,3245.242,5212.015,-1432.564
123.900,-928094.306,-875098.835,-793120.680,63821.597,-11141.009,3101.320,5188.383,-1432.851
124.000,-929021.548,-875790.061,-795077.331,62355.913,-10402.842,2944.401,5163.940,-1432.352
124.100,-929945.060,-876487.803,-796997.500,60880.868,-9582.657,2775.650,5138.584,-1431.105
124.200,-930864.757,-877191.997,-798881.734,59396.467,-8688.244,2596.324,5112.211,-1429.155
124.300,-931780.559,-877902.577,-800730.591,57902.714,-7727.937,2407.761,5084.718,-1426.552
124.400,-932692.390,-878619.468,-802544.635,56399.614,-6710.540,2211.370,5056.001,-1423.350
124.500,-933600.175,-879342.591,-804324.438,54887.171,-5645.260,2008.617,5025.959,-1419.607
124.600,-934503.848,-880071.861,-806070.577,53365.388,-4541.627,1801.013,4994.494,-1415.382
124.700,-935403.344,-880807.189,-807783.637,51834.269,-3409.413,1590.101,4961.514,-1410.741
124.800,-936298.601,-881548.478,-809464.206,50293.818,-2258.550,1377.445,4926.933,-1405.751
124.900,-937189.563,-882295.630,-811112.878,48744.037,-1099.049,1164.611,4890.671,-1400.478
125.000,-938076.176,-883048.540,-812730.250,47184.929,59.085,953.160,4852.658,-1394.994
125.100,-938958.391,-883807.100,-814316.922,45616.498,1205.937,744.633,4812.833,-1389.367
125.200,-939836.163,-884571.196,-815873.498,44038.745,2331.766,540.534,4771.144,-1383.669
125.300,-940709.449,-885340.715,-817400.582,42451.674,3427.091,342.321,4727.554,-1377.968
125.400,-941578.210,-886115.534,-818898.782,40855.284,4482.770,151.393,4682.033,-1372.334
125.500,-942442.411,-886895.533,-820368.706,39249.579,5490.089,-30.926,4634.566,-1366.833
125.600,-943302.021,-887680.584,-821810.963,37634.560,6440.828,-203.393,4585.152,-1361.531
125.700,-944157.010,-888470.559,-823226.160,36010.227,7327.342,-364.860,4533.800,-1356.488
125.800,-945007.354,-889265.326,-824614.906,34376.582,8142.616,-514.280,4480.535,-1351.765
125.900,-945853.031,-890064.752,-825977.809,32733.625,8880.323,-650.716,4425.394,-1347.416
126.000,-946694.021,-890868.700,-827315.473,31081.356,9534.868,-773.349,4368.429,-1343.492
126.100,-947530.310,-891677.032,-828628.504,29419.775,10101.434,-881.483,4309.703,-1340.040
126.200,-948361.883,-892489.608,-829917.503,27748.881,10576.004,-974.548,4249.294,-1337.101
126.300,-949188.732,-893306.286,-831183.068,26068.675,10955.394,-1052.106,4187.291,-1334.713
126.400,-950010.850,-894126.923,-832425.797,24379.155,11237.262,-1113.853,4123.795,-1332.905
126.500,-950828.231,-894951.375,-833646.281,22680.320,11420.123,-1159.617,4058.920,-1331.704
126.600,-951640.875,-895779.495,-834845.110,20972.168,11503.343,-1189.364,3992.789,-1331.129
126.700,-952448.783,-896611.139,-836022.869,19254.697,11487.137,-1203.190,3925.535,-1331.194
126.800,-953251.958,-897446.157,-837180.137,17527.906,11372.555,-1201.324,3857.300,-1331.907
126.900,-954050.407,-898284.403,-838317.490,15791.792,11161.456,-1184.121,3788.233,-1333.268
127.000,-954844.139,-899125.727,-839435.498,14046.353,10856.488,-1152.062,3718.491,-1335.275
127.100,-955633.164,-899969.982,-840534.726,12291.584,10461.047,-1105.743,3648.236,-1337.916
127.200,-956417.496,-900817.019,-841615.734,10527.484,9979.239,-1045.872,3577.634,-1341.175
127.300,-957197.151,-901666.688,-842679.075,8754.048,9415.840,-973.262,3506.853,-1345.031
127.400,-957972.146,-902518.841,-843725.296,6971.272,8776.235,-888.821,3436.067,-1349.458
127.500,-958742.500,-903373.330,-844754.938,5179.153,8066.382,-793.543,3365.445,-1354.421
127.600,-959508.237,-904230.006,-845768.534,3377.686,7292.762,-688.504,3295.159,-1359.886
127.700,-960269.379,-905088.723,-846766.612,1566.866,6462.325,-574.847,3225.378,-1365.810
127.800,-961025.953,-905949.332,-847749.692,-253.311,5582.438,-453.775,3156.268,-1372.148
127.900,-961777.985,-906811.690,-848718.287,-2082.852,4660.821,-326.543,3087.991,-1378.848
128.000,-962525.505,-907675.649,-849672.902,-3921.761,3705.481,-194.441,3020.700,-1385.860
128.100,-963268.544,-908541.066,-850614.035,-5770.044,2724.643,-58.789,2954.546,-1393.126
128.200,-964007.134,-909407.798,-851542.176,-7627.708,1726.685,79.078,2889.669,-1400.588
128.300,-964741.310,-910275.703,-852457.807,-9494.759,720.063,217.820,2826.201,-1408.187
128.400,-965471.106,-911144.641,-853361.402,-11371.203,-286.756,356.103,2764.264,-1415.861
128.500,-966196.559,-912014.472,-854253.427,-13257.047,-1285.367,492.612,2703.969,-1423.548
128.600,-966917.708,-912885.059,-855134.340,-15152.298,-2267.498,626.059,2645.415,-1431.187
128.700,-967634.592,-913756.265,-856004.590,-17056.964,-3225.085,755.194,2588.690,-1438.715
128.800,-968347.252,-914627.956,-856864.618,-18971.053,-4150.341,878.818,2533.868,-1446.073
128.900,-969055.729,-915500.000,-857714.856,-20894.571,-5035.828,995.789,2481.010,-1453.200
129.000,-969760.067,-916372.265,-858555.729,-22827.528,-5874.517,1105.033,2430.165,-1460.040
129.100,-970460.309,-917244.623,-859387.650,-24769.931,-6659.855,1205.551,2381.365,-1466.537
129.200,-971156.501,-918116.945,-860211.027,-26721.789,-7385.813,1296.427,2334.629,-1472.639
129.300,-971848.687,-918989.108,-861026.257,-28683.111,-8046.938,1376.836,2289.964,-1478.299
129.400,-972536.915,-919860.988,-861833.728,-30653.905,-8638.389,1446.049,2247.360,-1483.470
129.500,-973221.232,-920732.464,-862633.821,-32634.181,-9155.971,1503.437,2206.795,-1488.112
129.600,-973901.686,-921603.416,-863426.906,-34623.948,-9596.170,1548.477,2168.233,-1492.188
129.700,-974578.326,-922473.730,-864213.347,-36623.216,-9956.163,1580.755,2131.625,-1495.669
129.800,-975251.201,-923343.289,-864993.495,-38631.995,-10233.844,1599.967,2096.909,-1498.526
129.900,-975920.362,-924211.983,-865767.696,-40650.293,-10427.824,1605.923,2064.012,-1500.741
130.000,-976585.859,-925079.701,-866536.286,-42678.123,-10537.435,1598.543,2032.849,-1502.295
130.100,-977247.742,-925946.336,-867299.590,-44715.493,-10562.727,1577.863,2003.323,-1503.181
130.200,-977906.064,-926811.783,-868057.927,-46762.415,-10504.457,1544.027,1975.332,-1503.392
130.300,-978560.876,-927675.940,-868811.607,-48818.899,-10364.070,1497.289,1948.760,-1502.929
130.400,-979212.229,-928538.706,-869560.929,-50884.956,-10143.676,1438.003,1923.486,-1501.799
130.500,-979860.178,-929399.983,-870306.185,-52960.596,-9846.027,1366.630,1899.384,-1500.011
130.600,-980504.773,-930259.678,-871047.659,-55045.825,-9474.479,1283.723,1876.320,-1497.578
130.700,-981146.068,-931117.696,-871785.624,-57140.643,-9032.958,1189.932,1854.157,-1494.509
130.800,-981784.116,-931973.948,-872520.346,-59245.040,-8525.915,1085.993,1832.753,-1490.809
130.900,-982418.969,-932828.347,-873252.084,-61358.998,-7958.288,972.719,1811.967,-1486.480
131.000,-983050.681,-933680.807,-873981.086,-63482.494,-7335.463,850.998,1791.656,-1481.523
131.100,-983679.305,-934531.246,-874707.592,-65615.493,-6663.230,721.782,1771.676,-1475.934
131.200,-984304.893,-935379.584,-875431.834,-67757.956,-5947.741,586.075,1751.887,-1469.707
131.300,-984927.499,-936225.743,-876154.038,-69909.834,-5195.451,444.932,1732.150,-1462.834
131.400,-985547.176,-937069.650,-876874.418,-72071.071,-4413.072,299.443,1712.331,-1455.304
131.500,-986163.976,-937911.230,-877593.184,-74241.604,-3607.509,150.725,1692.301,-1447.102
131.600,-986777.952,-938750.416,-878310.534,-76421.362,-2785.809,-0.085,1671.936,-1438.216
131.700,-987389.156,-939587.140,-879026.662,-78610.266,-1955.094,-151.842,1651.120,-1428.628
131.800,-987997.641,-940421.337,-879741.751,-80808.232,-1122.509,-303.404,1629.744,-1418.321
131.900,-988603.457,-941252.945,-880455.980,-83015.165,-295.160,-453.637,1607.709,-1407.278
132.000,-989206.658,-942081.905,-881169.516,-85230.966,519.948,-601.430,1584.924,-1395.481
132.100,-989807.293,-942908.159,-881882.522,-87455.530,1315.966,-745.698,1561.310,-1382.911
132.200,-990405.415,-943731.652,-882595.152,-89688.742,2086.264,-885.396,1536.796,-1369.550
132.300,-991001.072,-944552.334,-883307.555,-91930.483,2824.488,-1019.525,1511.324,-1355.382
132.400,-991594.317,-945370.154,-884019.870,-94180.627,3524.616,-1147.140,1484.848,-1340.390
132.500,-992185.197,-946185.064,-884732.231,-96439.042,4181.008,-1267.358,1457.333,-1324.560
